mto_pre,ctd_cuo,imp_cuo,Mes de Alta,SUCURSAL,porcentajeRen,Remanente puro,total_cases_predicted
222520,12,39187.0,10,61,0.5,235122,11.529142
97714,24,14231.0,10,50,0.333333333,227696,11.186017
90610,36,8600.0,1,11,0.472222222,163400,8.195847
91240,12,14592.0,10,15,0.666666667,58368,11.623029
93323,9,17784.0,2,60,0.444444444,88920,11.03062
180634,24,21020.0,9,40,0.875,63060,8.776436
176801,12,30312.0,7,61,0.916666667,30312,11.180232
243331,18,48739.0,5,40,0.055555556,828563,15.810294
165780,18,33206.0,5,50,0.055555556,564502,15.375935
62101,12,14193.0,5,10,0.083333333,156123,16.558962
356479,24,43888.0,3,51,0.625,394992,9.0167055
417284,18,64263.0,8,20,0.555555556,514104,10.703113
33726,18,4402.0,3,20,0.833333333,13206,9.053106
72294,12,13003.0,11,11,0.583333333,65015,11.772749
102790,24,11961.0,12,30,0.708333333,83727,8.657847
169747,12,30692.0,4,61,0.166666667,306920,11.942938
175684,24,24629.0,7,60,0.458333333,320177,11.128126
116868,24,13599.0,1,11,0.666666667,108792,8.740337
51013,6,13591.0,2,16,0.666666667,27182,12.429898
117905,36,12839.0,2,41,0.472222222,243941,8.564609
91163,12,16054.0,2,50,0.333333333,128432,11.674236
117197,24,13638.0,12,50,0.75,81828,8.745325
475073,24,69191.0,10,61,0.333333333,1107056,11.588094
93586,12,17001.0,3,11,0.25,153009,11.838945
106309,12,18722.0,9,61,0.75,56166,11.430004
97523,12,17716.0,3,11,0.333333333,141728,12.58922
207927,12,38088.0,4,51,0.166666667,380880,12.118647
85204,24,10268.0,2,20,0.666666667,82144,8.979083
52790,24,6083.33,12,20,1.0,0,8.7367525
140831,24,13563.0,8,40,0.416666667,189882,8.7550955
69271,12,15128.0,5,12,0.166666667,151280,15.767574
103600,12,18634.0,10,20,0.666666667,74536,11.655147
49133,9,8281.0,12,20,0.777777778,16562,10.001895
169595,12,26226.43,3,20,1.0,0,8.770805
459676,24,91670.0,6,12,0.0,2200080,14.956656
72975,18,14617.0,5,20,0.111111111,233872,16.263233
280705,24,40883.0,8,20,0.416666667,572362,10.811735
169916,36,18503.0,1,22,0.472222222,351557,8.687161
55491,12,10425.0,9,16,0.75,31275,11.169518
372791,60,11842.0,2,12,0.066666667,663152,2.0641518
246829,12,43468.0,12,40,0.5,260808,11.496772
54928,9,13796.0,6,60,0.0,124164,16.559587
80312,18,13277.0,4,14,0.111111111,212432,12.440389
171176,12,16607.0,1,61,0.333333333,132856,2.7527084
64680,12,12714.0,4,51,0.25,114426,12.56793
119207,12,20993.0,3,30,0.25,188937,11.700231
208161,12,26149.0,8,61,0.833333333,52298,9.414531
235725,24,34332.0,10,40,0.333333333,549312,11.461733
347190,24,47695.0,4,15,0.083333333,1049290,11.310868
86890,18,13740.0,10,61,0.444444444,137400,11.928675
349480,30,17888.0,6,41,0.8,107328,3.112998
143172,24,18609.0,5,40,0.541666667,204699,9.895123
230206,6,56632.0,3,21,0.5,169896,11.126238
141457,12,24911.0,11,20,0.583333333,124555,11.56084
123023,18,15581.13,9,40,1.0,0,8.572842
106723,12,18794.0,1,51,0.416666667,131558,11.3907
107620,6,28080.0,4,11,0.333333333,112320,12.68595
350200,36,16834.0,4,51,0.055555556,572356,2.2878356
294017,36,27906.0,1,10,0.472222222,530214,8.135505
54449,18,8385.0,8,51,0.555555556,67080,11.256164
26664,12,4264.0,8,12,0.833333333,8528,9.933374
162412,12,29751.0,4,60,0.166666667,297510,12.27611
268195,24,33019.0,3,22,0.625,297171,9.196578
354150,18,54540.0,3,61,0.166666667,818100,11.476571
178249,18,26541.0,7,11,0.611111111,185787,10.837045
143300,18,21337.0,7,40,0.611111111,149359,10.799419
468008,36,68530.0,3,11,0.083333333,2261490,11.850204
323794,18,49865.0,11,12,0.388888889,548515,11.480218
83820,24,10673.0,4,30,0.541666667,117403,10.244177
291141,12,52641.0,4,40,0.166666667,526410,12.041869
92246,18,13735.0,8,10,0.555555556,109880,11.099704
364657,12,65934.0,4,22,0.166666667,659340,11.841604
116069,18,17875.0,8,40,0.611111111,125125,11.011888
104498,6,26819.06,10,13,1.0,0,11.865786
359430,36,38291.0,5,41,0.361111111,880693,8.804127
158525,24,23088.0,9,13,0.375,346320,11.11646
111955,12,19715.93,10,15,1.0,0,10.360436
46070,24,5361.04,3,30,1.0,0,8.360368
484848,24,70615.0,3,22,0.125,1482915,11.51111
93511,12,17477.0,1,60,0.416666667,122339,11.5740185
267990,18,54891.0,5,30,0.055555556,933147,16.151457
288443,9,66746.0,7,61,0.0,600714,15.141956
92171,12,21065.0,6,16,0.0,252780,16.090097
165849,24,24155.0,10,12,0.375,362325,11.490813
150469,9,31811.0,4,61,0.333333333,190866,12.41318
193129,24,25103.0,5,14,0.541666667,276133,10.073511
61394,12,11043.0,10,60,0.666666667,44172,12.096043
112939,24,13905.0,4,20,0.625,125145,9.385373
224834,24,23301.0,11,15,0.791666667,116505,7.8510094
170797,24,19875.0,8,30,0.916666667,39750,8.775859
152628,12,14807.0,3,11,0.25,133263,3.7938452
132393,18,16767.9,5,40,1.0,0,8.880724
351779,18,54175.0,11,21,0.388888889,595925,11.488482
179133,24,27075.0,4,61,0.083333333,595650,12.170558
149972,18,23096.0,2,50,0.222222222,323344,11.496865
188904,24,24052.0,5,60,0.541666667,264572,10.018041
30829,36,3357.0,7,41,0.611111111,46998,8.835929
180723,18,27832.0,3,13,0.166666667,417480,11.4991
115373,18,14612.31,6,20,1.0,0,8.74354
154596,18,29965.0,5,20,0.055555556,509405,15.69963
270010,36,12979.0,5,11,0.027777778,454265,2.4630623
91320,18,13597.0,8,13,0.555555556,108776,11.25181
110925,24,16156.0,12,20,0.25,290808,11.4922495
161140,18,21031.0,3,11,0.833333333,63093,9.185368
393445,18,76260.0,5,51,0.055555556,1296420,14.686253
101711,12,15955.61,4,16,1.0,0,9.530161
157033,12,25113.0,1,14,0.416666667,175791,10.058113
405259,18,37740.0,4,20,0.777777778,150960,7.51897
260794,24,40139.0,4,13,0.083333333,883058,12.073921
124184,12,26384.0,5,30,0.083333333,290224,15.097706
118135,9,24443.0,2,60,0.444444444,122215,11.6673155
88222,12,12366.94,1,13,1.0,0,6.6743536
330694,12,58237.0,3,61,0.25,524133,11.524586
57567,24,8384.0,11,13,0.291666667,142528,11.460417
109334,24,12723.0,7,40,0.958333333,12723,8.859393
53418,12,9407.0,1,16,0.416666667,65849,11.747336
129465,24,18856.0,11,20,0.291666667,320552,11.420731
192777,18,29688.0,10,10,0.444444444,296880,11.416163
180327,24,35962.0,6,10,0.0,863088,16.624577
137346,18,15324.0,10,40,0.5,137916,7.6461163
295302,24,43009.0,10,14,0.375,645135,11.394898
383477,24,57960.0,3,60,0.083333333,1275120,11.954224
159727,24,19665.0,3,11,0.625,176985,9.424684
48714,36,5663.0,4,12,0.416666667,118923,10.864783
52760,24,6026.0,5,22,0.583333333,60260,9.587173
76668,9,16209.0,4,12,0.333333333,97254,12.576021
299288,24,32964.0,4,15,0.041666667,758172,12.905119
113041,12,20535.0,1,12,0.416666667,143745,11.951957
397248,36,16656.0,2,14,0.111111111,532992,1.7915668
188392,24,21922.0,12,12,0.75,131532,8.717118
67841,6,18074.0,2,41,0.666666667,36148,11.543844
127155,24,20122.0,11,10,0.291666667,342074,12.725806
287303,18,44245.0,2,22,0.222222222,619430,11.566299
109709,9,22121.0,11,61,0.777777778,44242,11.584627
129361,24,18841.0,8,20,0.416666667,263774,11.409585
158480,18,24406.0,12,10,0.333333333,292872,11.460852
247149,30,11683.0,2,14,0.133333333,303758,2.0621412
115292,18,16066.0,6,13,0.666666667,96396,10.241063
119657,36,11357.0,4,15,0.722222222,113570,6.687131
183947,18,27389.0,8,41,0.555555556,219112,11.230163
227254,9,45822.0,3,61,0.333333333,274932,11.554829
286344,9,57736.0,10,61,0.888888889,57736,11.61016
111036,24,12921.0,2,10,0.666666667,103368,8.715724
289884,36,32877.0,3,61,0.416666667,690417,9.578301
53891,12,8143.14,2,13,1.0,0,8.761903
56573,24,6583.16,3,20,1.0,0,8.810443
205010,36,13106.0,1,15,0.472222222,249014,4.8607764
60753,9,11007.84,2,30,1.0,0,8.314365
167984,18,25870.0,1,20,0.277777778,336310,11.537514
164284,18,25300.0,2,13,0.222222222,354200,11.48012
108022,18,13681.29,5,10,1.0,0,9.089612
170737,18,36090.0,6,14,0.0,649620,16.665483
135643,18,19159.0,11,13,0.388888889,210749,10.315756
118811,12,25361.0,6,40,0.0,304332,15.756805
280900,24,40911.0,8,51,0.416666667,572754,10.958856
250962,24,29203.0,12,20,0.708333333,204421,8.621494
215152,12,49171.0,5,20,0.083333333,540881,16.486822
68084,18,10485.0,2,20,0.222222222,146790,11.582379
144895,18,27311.0,7,51,0.0,491598,14.691651
208481,18,17864.79,11,20,1.0,0,7.188017
166608,12,29341.0,2,60,0.333333333,234728,11.56533
23827,18,3017.85,9,61,1.0,0,7.3217316
302230,24,31322.0,9,50,0.875,93966,7.896446
233195,9,57250.0,6,51,0.0,515250,15.6565695
34888,6,9103.0,4,10,0.333333333,36412,12.0535345
117318,12,20660.0,11,61,0.583333333,103300,11.533213
415730,24,60548.0,2,10,0.166666667,1210960,11.525495
163203,24,18991.17,4,20,1.0,0,8.761383
103055,24,14168.0,6,20,0.5,170016,10.682893
94036,18,19261.0,6,22,0.0,346698,16.613626
128574,12,23357.0,2,40,0.333333333,186856,12.147062
70876,12,11017.0,8,60,0.833333333,22034,8.915928
174159,24,20266.0,7,30,0.916666667,40532,8.753163
70127,24,8160.36,3,10,1.0,0,8.643046
216803,18,23892.86,10,11,1.0,0,7.384773
49663,6,12847.53,9,20,1.0,0,11.329588
213990,24,31166.0,1,11,0.208333333,592154,11.48455
37477,18,4747.0,2,13,0.944444444,4747,8.857089
118038,12,21343.0,4,11,0.166666667,213430,12.803628
134541,12,23693.0,12,21,0.5,142158,11.415876
77486,18,11538.0,7,16,0.611111111,80766,11.107139
173131,12,30489.0,11,14,0.583333333,152445,11.649404
74469,12,13883.0,4,12,0.25,124947,12.514674
128757,24,13343.83,12,30,1.0,0,7.359707
276812,12,48748.0,11,21,0.583333333,243740,11.186692
217872,18,33553.0,11,14,0.388888889,369083,11.567142
274310,12,26612.0,7,60,0.0,319344,2.3328216
211657,12,38270.0,3,30,0.25,344430,11.986976
79121,18,12593.0,4,20,0.111111111,201488,12.055662
20078,12,3147.97,3,20,1.0,0,9.408077
31921,24,3794.0,10,20,0.833333333,15176,8.731312
57428,30,6399.0,9,11,0.7,57591,8.851592
165553,24,20382.0,4,40,0.583333333,203820,9.540233
100586,12,18092.0,9,61,0.75,54276,10.28323
146101,12,31906.0,5,14,0.166666667,319060,16.4633
221387,18,31270.0,2,30,0.222222222,437780,11.102682
171075,18,26346.0,1,41,0.277777778,342498,11.286768
176738,18,26316.0,7,40,0.611111111,184212,10.441684
65826,12,10326.31,4,15,1.0,0,9.30268
195236,24,17872.0,7,41,0.458333333,232336,6.3633657
176740,36,13495.0,7,50,0.333333333,323880,5.6386657
78700,24,9158.03,4,13,1.0,0,8.732569
223021,12,39275.0,2,13,0.333333333,314200,11.2651
275159,18,42375.0,2,40,0.222222222,593250,11.508242
202449,18,23519.0,2,20,0.277777778,305747,7.700977
118966,12,24694.0,7,30,0.0,296328,14.954255
153992,24,22428.0,10,12,0.333333333,358848,11.50951
89973,12,13595.04,1,20,1.0,0,7.7765326
113539,12,19995.0,3,60,0.25,179955,11.328058
133144,36,8899.0,5,15,0.361111111,204677,4.5351934
113180,6,29047.0,3,60,0.5,87141,11.856833
221716,18,15341.0,1,20,0.277777778,199433,1.8833847
132052,18,26450.0,5,40,0.111111111,423200,14.725276
142665,36,8445.0,8,14,0.888888889,33780,3.8356512
115898,24,13487.0,9,21,0.875,40461,8.647676
179054,24,12775.0,9,20,0.875,38325,4.1964207
93702,18,14430.0,11,10,0.388888889,158730,11.77538
415806,24,60559.0,2,40,0.166666667,1211180,11.544944
266083,12,46859.0,1,61,0.333333333,374872,11.602443
336195,12,59206.0,2,20,0.333333333,473648,11.505129
319904,18,60298.0,6,13,0.0,1085364,15.153144
135650,9,28678.0,4,40,0.222222222,200746,12.176535
146346,18,22538.0,12,20,0.333333333,270456,11.548406
117562,36,12802.0,9,11,0.527777778,217634,8.39997
33359,6,8730.0,3,41,0.5,26190,12.0284395
118448,12,26359.0,5,61,0.083333333,289949,15.453161
111462,18,17165.0,3,30,0.166666667,257475,11.568764
53850,30,6141.0,10,50,0.666666667,61410,9.099803
82122,12,14462.0,1,20,0.416666667,101234,11.973352
240419,18,30450.0,12,41,0.944444444,30450,8.438651
313500,9,55846.31,6,10,1.0,0,10.908553
63256,18,8658.0,4,50,0.722222222,43290,9.15713
102839,24,11967.0,8,20,0.916666667,23934,8.784824
100470,24,11691.0,7,41,0.958333333,11691,8.910127
76920,36,7426.87,1,22,1.0,0,8.639297
63060,12,6460.0,5,41,0.083333333,71060,3.0825765
58648,6,15051.8,9,10,1.0,0,10.440792
137970,12,23655.0,8,60,0.833333333,47310,10.452692
232548,24,28630.0,3,30,0.583333333,286300,9.290492
133308,12,24104.0,3,41,0.166666667,241040,11.403378
146856,24,21388.0,11,61,0.291666667,363596,11.434395
120773,12,21940.0,2,10,0.416666667,153580,11.739821
36878,30,4205.28,7,22,1.0,0,8.302359
42803,18,5859.0,5,20,0.777777778,23436,9.860826
114575,9,21644.63,6,12,1.0,0,10.4102125
160944,24,22563.0,6,12,0.5,270756,11.000391
27445,24,3379.0,4,12,0.583333333,33790,8.811526
385114,24,58208.0,3,61,0.083333333,1280576,11.999721
79603,12,14840.0,4,14,0.25,133560,12.408663
88716,18,14713.0,1,21,0.333333333,176556,12.395204
98589,24,11472.0,12,41,0.708333333,80304,8.791798
441268,9,88974.0,2,20,0.444444444,444870,11.397208
182672,12,31319.0,7,60,0.916666667,31319,11.053369
157333,36,15190.88,12,51,1.0,0,7.6588874
436307,18,54383.0,5,30,0.722222222,271915,7.925207
68823,24,8009.0,11,30,0.75,48054,8.657977
208068,36,16965.0,6,12,0.333333333,407160,6.67061
124293,12,22579.0,2,40,0.416666667,158053,12.303379
87034,30,4114.0,3,11,0.066666667,115192,3.8048272
53629,9,11606.0,11,13,0.888888889,11606,12.107146
72992,12,13260.0,1,50,0.416666667,92820,12.045364
278566,12,49057.0,12,12,0.5,294342,11.311821
148033,36,16120.0,5,10,0.694444444,177320,8.681989
53897,18,6769.38,8,13,1.0,0,8.804333
108956,18,16223.0,7,40,0.611111111,113561,11.349318
22529,30,2569.0,2,13,0.933333333,5138,9.168946
25944,18,3680.0,5,11,0.666666667,22080,10.303152
233177,30,14893.0,5,13,0.866666667,59572,4.205605
509656,24,74228.0,9,30,0.375,1113420,11.335217
270780,18,35340.0,3,20,0.833333333,106020,9.1585655
109097,24,13147.0,3,16,0.625,118323,9.180152
77885,9,14842.0,12,10,0.666666667,44526,11.632595
208739,24,24290.0,8,20,0.916666667,48580,8.67495
119585,24,13916.0,8,40,0.916666667,27832,8.7749605
102254,12,19111.0,1,11,0.5,114666,12.322565
80970,18,12963.0,2,14,0.222222222,181482,11.954728
134363,18,20692.0,9,40,0.5,186228,11.622264
172483,9,35548.0,4,40,0.222222222,248836,11.742764
105837,24,12316.0,10,10,0.833333333,49264,8.838687
226550,36,28522.0,3,40,0.083333333,941226,10.86984
106909,18,17016.0,3,30,0.166666667,255240,12.0474
119499,18,17793.0,6,20,0.611111111,124551,10.787739
137068,24,13733.0,12,21,0.25,247194,7.3347416
175929,18,20438.0,2,10,0.277777778,265694,8.60656
236876,24,14025.0,7,41,0.958333333,14025,3.278973
109281,9,23351.0,4,16,0.222222222,163457,12.814509
90935,18,11868.0,3,40,0.888888889,23736,9.36053
130814,12,23037.03,12,11,1.0,0,10.188473
336118,18,68845.0,6,61,0.0,1239210,16.168509
100150,24,10379.0,10,40,0.833333333,41516,7.8631706
127701,18,17479.0,4,11,0.777777778,69916,9.5717535
204865,18,41962.0,6,13,0.0,755316,16.079483
88420,18,13617.0,9,14,0.5,122553,11.702728
40969,12,7307.0,9,16,0.75,21921,12.366207
80538,12,14631.0,3,40,0.25,131679,11.864198
490727,48,20612.0,4,21,0.041666667,948152,2.8966959
318060,12,50866.0,1,10,0.416666667,356062,11.278878
209483,24,25244.0,3,61,0.625,227196,9.003787
107432,18,14705.0,4,21,0.777777778,58820,9.701858
394635,24,39539.0,12,11,0.25,711702,6.8533473
81952,18,12194.0,4,10,0.111111111,195104,10.603239
178305,36,17215.82,2,41,1.0,0,6.7978373
33763,9,6928.0,10,13,0.888888889,6928,12.235435
327612,36,46048.0,8,21,0.277777778,1197248,11.185488
93982,6,24120.0,2,61,0.666666667,48240,11.8798275
82376,18,13188.0,1,61,0.277777778,171444,11.733192
132998,18,18204.0,5,61,0.722222222,91020,9.863971
166145,24,19334.0,1,15,0.708333333,135338,8.806752
401195,24,41578.0,10,13,0.833333333,166312,7.4149942
81551,12,14362.0,1,20,0.416666667,100534,11.86492
301906,12,54588.0,3,11,0.166666667,545880,11.570302
289548,24,42171.0,3,30,0.125,885591,11.501403
450138,36,52332.0,4,21,0.388888889,1151304,9.381175
103642,12,16575.0,8,16,0.833333333,33150,9.74353
43864,9,8282.8,5,40,1.0,0,9.691204
101747,12,13961.0,11,11,0.583333333,69805,9.017264
367957,36,41732.0,3,11,0.416666667,876372,9.440103
170579,12,29245.0,8,21,0.916666667,29245,10.658272
279229,36,12838.0,6,61,0.694444444,141218,3.1022856
287295,36,16741.0,2,21,0.472222222,318079,3.460606
45720,12,8306.0,3,21,0.333333333,66448,12.060904
171009,24,22665.0,5,13,0.5,271980,9.599876
110383,12,20631.0,2,40,0.416666667,144417,12.307814
372421,24,34091.0,7,40,0.416666667,477274,7.135235
179637,12,31635.0,3,40,0.25,284715,11.946872
32216,12,5008.0,7,12,0.916666667,5008,10.206961
82434,12,14517.0,1,20,0.416666667,101619,11.805823
309096,12,55888.0,4,40,0.166666667,558880,12.182628
69203,6,18737.0,1,41,0.833333333,18737,11.988164
153417,24,24193.0,4,16,0.125,508053,12.260492
147669,18,24412.0,4,10,0.166666667,366180,12.518299
39462,18,4998.05,10,22,1.0,0,9.722694
295301,24,34363.0,9,50,0.875,103089,8.56699
129172,24,18813.0,1,61,0.166666667,376260,11.621546
294943,36,32117.0,4,11,0.694444444,353287,8.42487
136648,18,21749.0,3,20,0.166666667,326235,11.888813
110689,12,20108.0,3,40,0.333333333,160864,11.915479
108305,18,14824.0,4,16,0.777777778,59296,9.839706
45132,18,7249.0,12,41,0.388888889,79739,11.487374
184776,24,23410.0,7,15,0.458333333,304330,10.160056
98359,9,18581.24,6,61,1.0,0,9.512278
158029,18,25152.0,3,16,0.166666667,377280,11.906356
33854,24,4080.0,3,14,0.625,36720,8.911497
230809,18,43505.0,7,30,0.0,783090,14.354241
260580,18,52194.0,5,16,0.055555556,887298,16.61126
172080,18,26501.0,1,40,0.277777778,344513,11.519813
166360,12,29297.0,1,61,0.416666667,205079,11.454387
63406,12,11820.0,4,61,0.25,106380,12.737564
154610,36,16836.0,7,41,0.666666667,202032,8.338373
29709,24,3561.62,3,12,1.0,0,9.349675
170330,12,29996.0,1,61,0.416666667,209972,11.506495
108882,12,19175.0,12,61,0.5,115050,11.402081
86925,36,9466.0,1,21,0.805555556,66262,8.2857
364235,24,53048.0,2,50,0.166666667,1060960,11.5602455
301858,36,34235.0,3,41,0.416666667,718935,9.59221
78932,6,20656.0,1,41,0.833333333,20656,12.321033
130804,18,19476.0,7,22,0.611111111,136332,10.57425
130496,18,18432.0,10,21,0.444444444,184320,11.536281
297144,24,21200.0,6,40,0.958333333,21200,3.646707
69045,18,8744.77,8,61,1.0,0,8.184726
291269,18,21769.0,5,20,0.111111111,348304,2.5636973
338026,18,37252.23,10,41,1.0,0,6.002036
169827,24,17600.13,3,11,1.0,0,8.046819
332246,24,32802.0,8,20,0.916666667,65604,7.0982113
62846,24,8002.0,4,51,0.583333333,80020,9.6655445
221904,12,39079.0,3,22,0.25,351711,11.513207
365300,36,31714.0,9,41,0.25,856278,7.0540757
39363,9,7937.0,1,10,0.555555556,31748,12.071894
105840,24,12360.0,5,10,0.541666667,135960,9.539662
118210,18,18205.0,9,30,0.5,163845,11.6637125
123022,12,22934.0,4,13,0.25,206406,12.653219
54491,6,13985.0,2,20,0.666666667,27970,11.627519
54939,24,6393.09,4,10,1.0,0,8.780414
107804,24,10382.0,9,21,0.375,155730,6.936927
165346,12,29118.0,2,61,0.333333333,232944,11.519624
229722,6,58957.0,3,20,0.5,176871,11.462383
125428,18,25123.0,5,41,0.055555556,427091,15.237181
87522,9,21983.0,6,13,0.0,197847,15.761002
131608,24,12675.0,9,40,0.416666667,177450,8.29217
258843,12,53729.0,7,61,0.0,644748,14.206856
33135,24,2550.0,4,20,0.583333333,25500,7.12409
108458,24,11240.0,10,50,0.833333333,44960,7.413337
143350,36,13606.0,4,50,0.75,122454,7.7479935
429388,36,19741.0,6,41,0.666666667,236892,3.1368618
56152,12,10765.0,4,20,0.25,96885,12.723681
144043,18,24191.0,4,11,0.111111111,387056,12.576711
109936,18,17498.0,3,60,0.166666667,262470,11.967805
164240,24,23920.0,10,11,0.333333333,382720,11.111221
166419,18,22125.0,4,40,0.777777778,88500,9.412017
113848,18,18002.0,11,13,0.444444444,180020,11.888922
141646,36,20741.0,4,16,0.055555556,705194,11.871113
132413,36,12567.51,5,41,1.0,0,7.3658495
266652,24,53177.0,6,11,0.0,1276248,16.093256
110587,18,17031.0,8,16,0.555555556,136248,11.205311
138781,18,21373.0,2,41,0.222222222,299222,11.724879
425903,24,62030.0,2,50,0.166666667,1240600,11.561091
51083,30,4351.65,10,11,1.0,0,7.6336756
115974,18,17860.0,10,20,0.444444444,178600,11.657881
285465,12,50272.0,1,13,0.416666667,351904,11.460331
33929,6,8708.0,2,20,0.5,26124,11.897256
16819,6,4554.0,3,21,0.5,13662,12.42105
183671,36,20000.0,9,14,0.555555556,320000,8.681356
132841,12,23894.0,11,10,0.583333333,119470,11.860386
340162,18,26069.0,6,50,0.0,469242,3.2827654
66344,9,13377.0,2,12,0.444444444,66885,12.191989
198147,24,23057.0,11,21,0.791666667,115285,8.592367
152879,30,17034.0,10,61,0.666666667,170340,8.365146
273123,24,39778.0,8,20,0.416666667,556892,10.65259
79781,12,14050.0,9,20,0.75,42150,11.406835
137175,6,40411.0,5,10,0.333333333,161644,14.98793
50821,6,13760.0,4,20,0.5,41280,13.995453
152696,12,14814.0,7,10,0.0,177768,2.3569946
212779,18,32769.0,10,10,0.444444444,327690,11.360631
213274,24,40067.0,5,11,0.041666667,921541,15.475351
84686,24,6042.0,8,20,0.916666667,12084,3.9954967
164018,18,25259.0,10,21,0.444444444,252590,11.527041
395072,24,57539.0,10,10,0.333333333,920624,11.401081
370566,18,57068.0,2,12,0.222222222,798952,11.474479
215996,12,20955.0,7,30,0.0,251460,2.175573
248905,24,31692.0,4,20,0.583333333,316920,9.613007
161958,18,24942.0,2,40,0.222222222,349188,11.522785
454754,24,27808.0,4,41,0.083333333,611776,2.7391684
138493,36,15081.0,4,41,0.722222222,150810,8.764486
119689,18,18432.0,1,12,0.277777778,239616,11.623731
155993,6,41036.0,4,12,0.333333333,164144,12.253053
336507,18,43918.0,3,21,0.833333333,131754,9.051605
193442,18,29791.0,1,11,0.277777778,387283,11.518323
273263,24,28727.0,3,11,0.166666667,574540,7.518838
430039,18,69563.0,4,20,0.111111111,1113008,12.079726
58952,9,12490.0,1,40,0.555555556,49960,11.942811
109757,24,13513.0,4,22,0.583333333,135130,9.699271
196441,18,30252.0,1,51,0.277777778,393276,11.438853
59227,18,8843.0,4,20,0.722222222,44215,10.886515
55627,12,8896.0,9,14,0.75,26688,10.151823
310997,18,47894.0,2,61,0.222222222,670516,11.473503
168689,12,29707.0,10,10,0.666666667,118828,11.472177
330866,24,23606.0,11,41,0.791666667,118030,4.492573
98004,12,15673.43,9,14,1.0,0,9.585996
223661,18,34444.0,9,30,0.5,309996,11.482339
61354,36,5823.19,6,14,1.0,0,7.910645
105902,12,18157.0,8,20,0.833333333,36314,10.457456
119085,18,18830.0,10,40,0.5,169470,11.662673
222311,18,29015.0,3,60,0.833333333,87045,9.214483
256777,60,13203.0,2,22,0.45,435699,3.4609504
59917,18,8922.0,7,13,0.555555556,71376,11.259288
197820,12,42028.0,5,50,0.083333333,462308,14.786903
297167,24,35810.0,2,11,0.666666667,286480,9.091384
117414,12,20130.0,8,21,0.833333333,40260,11.47557
26467,18,2236.01,6,41,1.0,0,4.9825115
318483,24,44648.0,8,11,0.416666667,625072,10.686289
144563,24,18407.0,5,60,0.541666667,202477,9.856028
322152,12,56733.0,8,61,0.833333333,113466,10.762944
76385,6,18155.91,6,14,1.0,0,10.087817
67759,9,14356.0,2,20,0.444444444,71780,12.3854
192982,12,35058.0,2,40,0.333333333,280464,12.301644
120595,24,17564.0,11,41,0.291666667,298588,11.486852
70915,12,12883.0,1,15,0.333333333,103064,11.841865
142174,9,29416.0,1,12,0.555555556,117664,12.1975155
257776,18,38382.0,8,20,0.555555556,307056,9.545681
146905,24,20197.0,6,21,0.5,242364,11.041014
318985,36,30275.0,11,14,0.5,544950,8.1732645
152305,12,32511.0,7,40,0.0,390132,15.219622
73156,12,13158.0,12,12,0.5,78948,11.682792
61827,18,8220.0,4,22,0.777777778,32880,8.785967
212261,24,25579.0,2,50,0.666666667,204632,8.78047
389571,12,70439.0,4,60,0.166666667,704390,11.939771
505648,18,103569.0,5,51,0.055555556,1760673,15.330573
116232,12,21115.0,1,30,0.5,126690,11.619929
176691,12,31116.0,3,61,0.25,280044,11.505896
110516,18,22637.0,5,50,0.055555556,384829,15.731936
94712,18,14586.0,12,10,0.333333333,175032,11.59194
133243,12,23465.0,2,61,0.333333333,187720,11.651439
116565,9,28617.0,6,14,0.0,257553,15.5080805
42009,24,4888.0,1,61,0.708333333,34216,9.005804
110297,24,13108.0,10,40,0.875,39324,8.710225
101474,12,17870.0,2,50,0.333333333,142960,11.485865
105459,36,11484.0,9,10,0.583333333,172260,8.473523
320503,12,31094.0,1,20,0.416666667,217658,2.6691785
102527,18,12877.25,7,16,1.0,0,9.474927
371915,18,27796.0,5,50,0.055555556,472532,3.4449615
111704,36,14723.0,6,10,0.305555556,368075,9.154718
172505,18,26566.0,11,21,0.388888889,292226,11.568483
275636,30,13029.0,2,21,0.133333333,338754,2.01119
122194,30,7805.0,3,51,0.9,23415,3.7238111
179590,12,31627.0,11,60,0.583333333,158135,11.355226
95172,9,19190.0,3,61,0.333333333,115140,11.845225
163152,24,18985.0,8,61,0.916666667,37970,8.840615
409402,12,72098.0,12,30,0.5,432588,11.314626
109876,24,12785.73,11,20,1.0,0,8.737381
187418,18,28863.0,9,10,0.5,259767,11.38107
202191,18,22559.0,1,51,0.277777778,293267,6.4815774
121463,18,18085.0,7,61,0.611111111,126595,10.887256
112317,24,16976.0,3,61,0.125,356496,11.813379
92085,18,12243.0,4,61,0.722222222,61215,9.617097
341209,24,49695.0,8,40,0.416666667,695730,11.294186
246534,18,26391.0,10,13,0.5,237519,9.462095
152290,12,21543.0,2,20,0.416666667,150801,7.8605413
57972,12,8759.7,10,11,1.0,0,8.764207
57879,12,10790.0,4,11,0.166666667,107900,12.694519
132797,12,21238.0,3,13,0.25,191142,10.653715
92374,12,16268.0,3,20,0.25,146412,11.881066
183125,24,23802.0,6,40,0.5,285624,10.21969
465209,12,81926.0,12,16,0.5,491556,11.283627
88159,18,11721.0,4,10,0.777777778,46884,9.722713
295642,36,32193.0,2,10,0.444444444,643860,8.465788
142736,9,28780.0,2,21,0.444444444,143900,11.715501
404711,18,43687.0,9,10,0.5,393183,9.796143
154704,12,27972.0,4,21,0.166666667,279720,12.141373
178654,12,32455.0,2,16,0.333333333,259640,11.79156
51097,12,10800.0,12,14,0.5,64800,12.4100275
55359,18,7819.0,1,12,0.277777778,101647,10.297691
73165,12,14381.0,4,16,0.166666667,143810,12.786996
232488,24,22391.0,9,11,0.375,335865,6.4623013
68092,12,11674.0,8,15,0.833333333,23348,10.552853
16517,18,2300.0,4,50,0.833333333,6900,6.9181123
27901,12,3828.0,12,12,0.583333333,19140,10.16415
107067,9,20403.0,12,11,0.666666667,61209,12.042337
492778,18,95513.0,5,61,0.055555556,1623721,16.046312
229887,9,46353.0,2,10,0.444444444,231765,11.778186
361111,12,65293.0,4,61,0.166666667,652930,12.002735
121446,12,21387.0,1,10,0.333333333,171096,11.5212
217492,24,30490.0,6,50,0.5,365880,10.814799
63620,12,11557.0,1,16,0.416666667,80899,11.99579
301190,36,12628.0,1,41,0.166666667,378840,1.8110539
111335,18,14531.0,3,30,0.833333333,43593,9.234849
50549,24,5882.25,4,20,1.0,0,8.898526
166233,18,25600.0,3,14,0.166666667,384000,11.612062
282866,24,38889.0,6,11,0.541666667,427779,10.302493
57159,9,11729.0,11,21,0.777777778,23458,11.366003
216821,18,15002.0,7,13,0.0,270036,2.1699874
239628,24,34900.0,11,14,0.291666667,593300,11.551119
102536,12,18443.0,10,14,0.666666667,73772,11.9195175
227265,18,34999.0,11,15,0.388888889,384989,11.526132
224726,36,24471.0,2,14,0.444444444,489420,8.3081045
208919,9,43527.0,4,30,0.222222222,304689,12.11014
311244,24,36218.0,1,51,0.708333333,253526,8.643517
165604,6,41102.0,1,13,0.833333333,41102,11.616974
148082,12,26078.0,11,51,0.583333333,130390,11.653774
135772,12,25311.0,4,60,0.166666667,253110,12.545918
70009,12,12487.0,8,40,0.833333333,24974,10.894599
276414,18,30462.32,10,10,1.0,0,8.657454
231121,18,35593.0,3,13,0.166666667,533895,11.424351
165555,36,18028.0,1,21,0.805555556,126196,8.610362
264904,18,40796.0,2,60,0.222222222,571144,11.416175
158231,12,15351.0,1,30,0.416666667,107457,2.1708007
134554,18,20722.0,9,61,0.5,186498,11.551361
176072,12,39182.0,5,20,0.083333333,431002,16.170895
93705,12,20852.0,6,14,0.0,250224,16.224821
98994,9,23457.0,6,20,0.0,211113,15.369053
83875,9,21067.0,5,13,0.111111111,168536,16.84507
89585,12,15776.0,1,50,0.416666667,110432,11.371664
173016,18,28602.0,4,12,0.111111111,457632,12.529276
192486,48,10391.0,8,50,0.479166667,259775,3.8176913
72884,18,10157.0,5,13,0.722222222,50785,9.773489
233415,12,42204.0,4,61,0.166666667,422040,12.012897
210439,24,29501.0,7,40,0.375,442515,11.311462
317799,24,46285.0,10,30,0.333333333,740560,11.549584
165296,18,26463.0,3,20,0.166666667,396945,11.826687
393757,12,69343.0,2,61,0.333333333,554744,11.438571
183471,24,25224.0,6,10,0.5,302688,10.4318285
331883,18,51111.0,10,20,0.444444444,511110,11.459377
87901,6,23003.0,3,51,0.5,69009,11.698512
336336,18,46869.0,5,15,0.722222222,234345,9.196747
174943,24,18130.0,11,12,0.791666667,90650,8.274125
45965,24,5349.0,10,13,0.833333333,21396,8.478505
61824,12,10888.0,2,20,0.333333333,87104,12.10015
296413,18,45648.0,3,41,0.166666667,684720,11.520357
71726,12,13371.0,4,20,0.25,120339,12.651762
304047,18,33923.0,12,13,0.333333333,407076,9.401694
108026,18,11564.0,10,41,0.388888889,127204,7.3529406
362456,24,52789.0,11,13,0.291666667,897413,11.422541
235366,24,28977.0,4,41,0.583333333,289770,9.728388
237975,24,34659.0,1,21,0.208333333,658521,11.447499
223624,36,19414.0,8,14,0.944444444,38828,5.6568727
38201,12,5853.29,11,11,1.0,0,8.362057
53206,6,14406.0,4,40,0.5,43218,13.352365
446007,12,78544.0,2,20,0.333333333,628352,11.169703
43252,6,12326.0,7,20,0.0,73956,15.880053
83137,18,16114.0,5,11,0.055555556,273938,15.950218
105615,12,14357.84,12,14,1.0,0,7.150094
103185,12,12382.0,7,14,0.916666667,12382,6.888702
108315,12,17322.0,8,11,0.833333333,34644,10.003406
62025,12,13803.0,6,12,0.0,165636,16.522766
212188,24,16328.0,4,16,0.583333333,163280,5.0599732
287951,24,41938.0,2,12,0.166666667,838760,11.4550705
90591,24,5540.0,6,20,0.041666667,127420,4.5135655
216543,12,38134.0,10,20,0.666666667,152536,11.488683
139480,18,17665.0,1,10,0.944444444,17665,8.537738
51120,9,10807.0,4,21,0.333333333,64842,12.770333
50107,12,9126.0,12,20,0.583333333,45630,11.788681
83774,18,10934.0,2,10,0.833333333,32802,9.105305
32132,12,4923.36,11,20,1.0,0,8.685792
228126,24,26546.0,9,40,0.875,79638,8.744287
175054,36,16615.0,11,41,0.555555556,265840,7.185437
33336,12,7280.0,5,20,0.166666667,72800,16.946764
167610,24,23497.0,7,22,0.416666667,328958,10.581569
185417,18,28555.0,11,51,0.388888889,314105,11.436503
196618,24,14028.0,8,11,0.958333333,14028,4.1197233
20327,6,5258.65,8,20,1.0,0,11.17181
224006,18,29781.0,4,50,0.777777778,119124,9.604885
414616,18,65991.0,4,12,0.111111111,1055856,11.751657
175759,24,20452.0,12,14,0.708333333,143164,8.832339
211017,24,22183.0,3,21,0.083333333,488026,6.6127152
114809,12,20759.0,4,20,0.166666667,207590,11.824795
148446,18,24540.0,4,10,0.166666667,368100,12.566716
31549,6,6859.26,7,41,1.0,0,10.117661
134978,6,35322.0,3,61,0.5,105966,12.263293
111535,24,16969.0,3,14,0.125,356349,11.786139
57162,12,8886.0,8,11,0.916666667,8886,8.832779
211318,24,24590.0,12,20,0.75,147540,8.774453
434633,12,69509.0,11,12,0.583333333,347545,10.525435
319279,12,56227.0,2,61,0.333333333,449816,11.7852
105185,12,18524.0,11,20,0.583333333,92620,11.551687
60812,12,10709.0,10,51,0.666666667,42836,11.66128
96983,12,21582.0,5,50,0.083333333,237402,16.361767
22568,18,3132.0,12,50,0.944444444,3132,7.615699
116279,12,21179.0,11,16,0.583333333,105895,11.911008
278731,24,24729.0,2,16,0.166666667,494580,7.135084
28111,18,4329.0,11,10,0.388888889,47619,11.857429
324855,48,14391.0,6,11,0.0,690768,2.5685012
218149,36,44533.0,5,60,0.027777778,1558655,15.4247875
40138,12,6419.0,9,20,0.833333333,12838,9.766577
33413,6,8960.0,4,10,0.333333333,35840,12.421498
116850,18,23934.0,6,14,0.0,430812,16.138855
92923,24,10708.0,10,13,0.833333333,42832,8.72055
217872,18,33553.0,10,14,0.444444444,335530,11.265068
370466,36,15533.0,3,11,0.138888889,481523,1.9036913
239261,18,36847.0,9,13,0.5,331623,11.41395
121227,12,21349.0,11,50,0.583333333,106745,11.506729
239006,24,34810.0,12,40,0.25,626580,11.441954
134244,24,17093.0,5,20,0.541666667,188023,9.937946
444755,36,33959.0,8,22,0.277777778,882934,6.859957
238644,12,42026.0,3,41,0.25,378234,11.528079
82428,12,14904.0,4,15,0.166666667,149040,12.776727
113409,18,17465.0,2,51,0.222222222,244510,11.643009
175236,24,25522.0,9,20,0.375,382830,11.533778
295612,36,41550.0,11,30,0.194444444,1204950,11.430896
190079,12,40384.0,5,61,0.083333333,444224,15.194139
210126,36,29535.0,12,10,0.166666667,886050,11.30059
17752,6,5390.0,5,10,0.166666667,26950,16.662485
57907,6,14861.6,9,61,1.0,0,10.8363495
121817,18,18760.0,11,41,0.388888889,206360,11.507624
105324,12,19685.0,1,40,0.5,118110,11.918455
307429,36,33477.0,8,13,0.611111111,468678,8.716434
106071,6,27676.0,3,61,0.5,83028,12.409613
51280,9,10523.0,11,51,0.888888889,10523,11.769978
86948,18,9980.28,6,20,1.0,0,7.8201222
215392,36,23455.0,10,51,0.555555556,375280,8.787352
111390,36,15656.75,9,50,1.0,0,9.76017
92773,12,15906.0,8,60,0.833333333,31812,10.574352
261242,18,41282.0,5,20,0.111111111,660512,5.912033
303674,18,29572.0,5,50,0.777777778,118288,7.41814
143662,24,16717.0,8,40,0.916666667,33434,8.840185
361345,36,52911.0,4,61,0.055555556,1798974,11.414697
211968,24,18905.0,6,40,0.541666667,207955,5.3958883
231488,24,33715.0,8,12,0.416666667,472010,11.199525
41624,24,5125.0,4,51,0.583333333,51250,9.394962
156724,24,22826.0,1,60,0.208333333,433694,11.5509405
77043,12,11566.83,11,20,1.0,0,8.768746
59260,6,14957.41,8,20,1.0,0,11.177183
339938,24,39557.0,1,30,0.708333333,276899,8.397834
114060,18,14446.01,9,30,1.0,0,8.735964
202710,18,16352.0,3,40,0.833333333,49056,7.5416484
92443,6,24589.0,4,12,0.333333333,98356,12.614419
367558,24,69051.0,5,50,0.041666667,1588173,14.285219
420234,24,61204.0,1,30,0.166666667,1224080,11.328989
64755,18,8863.0,4,20,0.722222222,44315,9.303963
309744,36,28221.0,2,14,0.111111111,903072,7.329795
352804,24,53324.0,4,30,0.083333333,1173128,11.61242
115410,36,9410.0,11,50,0.861111111,47050,4.986007
175765,24,25599.0,3,10,0.125,537579,11.545756
58681,18,7370.33,9,40,1.0,0,8.655087
104085,36,5685.0,8,51,0.611111111,79590,3.356741
87243,36,5165.0,12,22,0.805555556,36155,3.8458142
126270,12,21649.0,7,50,0.916666667,21649,11.18463
131956,9,27078.0,11,11,0.777777778,54156,12.042813
179840,12,37330.0,7,20,0.0,447960,14.972167
83408,18,13189.0,11,10,0.388888889,145079,11.859412
55093,9,11478.0,4,30,0.222222222,80346,12.120439
70143,12,12353.0,9,12,0.75,37059,10.99231
119113,12,19049.0,7,40,0.833333333,38098,10.376356
121324,12,21937.0,4,61,0.166666667,219370,12.142996
238047,24,27799.0,6,40,0.5,333588,9.500854
50359,6,13139.0,3,20,0.5,39417,12.685602
421886,36,17689.0,1,15,0.138888889,548359,2.0056462
89245,12,18286.0,5,61,0.083333333,201146,16.128616
112501,18,12144.0,8,15,0.611111111,85008,7.5987062
99338,12,15887.0,9,11,0.75,47661,9.282104
106240,18,16361.0,12,21,0.333333333,196332,11.736165
74361,9,18713.0,5,16,0.111111111,149704,16.059832
123284,24,14346.0,12,30,0.708333333,100422,8.796237
45888,24,6683.0,10,20,0.333333333,106928,11.901356
470755,18,72497.0,1,15,0.277777778,942461,11.279731
217929,18,15079.0,7,60,0.0,271422,2.2936132
122123,6,31958.0,3,61,0.666666667,63916,12.14307
83749,24,9746.0,1,22,0.708333333,68222,8.8065
109242,12,14989.0,3,41,0.333333333,119912,10.287231
39208,6,11695.0,6,10,0.0,70170,16.114248
132148,36,18574.0,2,30,0.111111111,594368,11.707465
115925,18,17261.0,7,41,0.611111111,120827,11.082955
37334,18,5203.0,5,12,0.722222222,26015,9.556265
36087,6,9262.0,2,12,0.666666667,18524,12.113545
136277,12,23999.0,12,11,0.5,143994,11.535296
66378,6,17370.0,1,12,0.833333333,17370,11.942735
202977,36,16338.0,9,21,0.916666667,49014,6.1582108
140816,24,16386.0,11,50,0.791666667,81930,8.725652
430758,18,81193.0,7,20,0.0,1461474,14.9206295
302610,18,46603.0,2,61,0.222222222,652442,11.541211
63695,12,11217.0,2,30,0.25,100953,11.555864
163988,12,35812.0,5,40,0.083333333,393932,16.415443
250705,18,37329.0,7,22,0.611111111,261303,10.424593
267741,18,43310.0,4,14,0.111111111,692960,12.116298
42485,18,5380.84,9,16,1.0,0,8.529349
101555,12,23210.0,5,14,0.083333333,255310,16.257706
214024,18,32960.0,10,16,0.444444444,329600,11.479986
342438,9,84070.0,5,11,0.111111111,672560,16.189262
110971,18,18345.0,3,60,0.166666667,275175,12.163866
116123,18,17883.0,10,12,0.444444444,178830,11.612844
126841,12,22337.0,9,10,0.833333333,44674,11.297821
451857,24,59647.0,2,20,0.166666667,1192940,10.248014
164102,12,36518.0,5,41,0.083333333,401698,16.266684
36217,24,4304.0,12,16,0.75,25824,9.047574
371252,18,28451.0,6,41,0.055555556,483667,3.2453594
199802,36,9186.0,6,12,0.666666667,110232,2.9581382
193519,12,36076.0,4,10,0.166666667,360760,12.548666
113403,18,14363.0,2,10,0.888888889,28726,8.794506
301538,24,38394.0,5,61,0.541666667,422334,10.075423
153456,12,27024.0,12,61,0.5,162144,11.508146
190424,24,27734.0,10,14,0.333333333,443744,11.510448
105172,18,16197.0,12,20,0.333333333,194364,11.742455
507136,12,91696.0,4,61,0.166666667,916960,12.452903
112935,24,6259.0,1,61,0.166666667,125180,2.7530155
408361,36,39428.0,4,12,0.083333333,1301124,7.631242
175743,12,30949.0,3,61,0.25,278541,11.474774
170266,9,34331.0,2,11,0.444444444,171655,11.361174
114146,12,20102.0,8,51,0.833333333,40204,11.55259
142048,24,16530.0,1,20,0.708333333,115710,8.766927
322157,36,23778.0,5,40,0.333333333,570672,5.4084315
187427,24,27297.0,9,20,0.375,409455,11.476303
201176,12,19517.0,7,61,0.0,234204,2.2938187
371206,24,57133.0,4,16,0.083333333,1256926,11.797576
36687,12,5703.0,7,11,0.916666667,5703,9.355946
436031,18,32588.0,6,14,0.0,586584,3.1941175
53417,6,16485.0,5,20,0.333333333,65940,15.904802
179328,60,6514.0,5,14,0.416666667,227990,3.2412438
112090,12,19740.0,2,11,0.333333333,157920,11.552993
27665,24,3288.0,12,16,0.75,19728,8.957633
190068,18,31421.0,4,51,0.111111111,502736,12.580413
90057,18,15124.0,4,14,0.111111111,241984,12.604372
100124,12,18189.0,3,40,0.333333333,145512,11.964006
19117,6,5093.0,1,10,0.833333333,5093,11.820401
63851,24,7430.09,2,40,1.0,0,8.79903
88490,18,12499.0,8,41,0.555555556,99992,9.344855
168655,18,27001.0,1,14,0.277777778,351013,11.679468
101242,24,14745.0,8,50,0.416666667,206430,11.327481
22505,6,5822.0,9,14,1.0,0,10.859595
220070,18,33891.0,2,40,0.222222222,474474,11.365608
175100,18,28033.0,2,61,0.222222222,392462,11.531181
106668,12,16014.47,1,20,1.0,0,8.677903
180950,18,22918.0,1,20,0.888888889,45836,8.643532
221056,36,13086.0,5,20,0.694444444,143946,3.789173
299717,12,58504.0,6,22,0.0,702048,14.53488
319692,24,29696.0,10,20,0.833333333,118784,7.1138124
142813,12,25822.0,4,41,0.166666667,258220,12.413047
272770,36,11437.0,2,22,0.083333333,377421,1.9704304
60446,6,16498.0,4,13,0.333333333,65992,12.329944
61631,12,9668.28,3,13,1.0,0,9.222589
166841,24,24299.0,11,10,0.291666667,413083,11.760826
214917,18,33098.0,2,60,0.222222222,463372,11.320705
233366,30,27660.0,4,61,0.433333333,470220,9.3311825
216401,18,34645.0,3,11,0.166666667,519675,12.047673
54309,12,10255.0,4,51,0.166666667,102550,12.84699
198626,36,11758.0,11,15,0.861111111,58790,4.349419
161479,18,22103.0,5,51,0.722222222,110515,9.91298
97791,12,17765.0,1,13,0.5,106590,12.231333
274764,36,29920.0,2,10,0.444444444,598400,8.787631
175466,24,24124.0,6,50,0.5,289488,10.72837
155893,36,9229.0,10,50,0.861111111,46145,3.7939298
141853,9,34271.0,5,10,0.111111111,274168,17.070082
81183,9,16659.0,11,40,0.777777778,33318,10.768622
164317,36,17893.0,4,11,0.722222222,178930,8.646303
115417,12,20967.0,1,51,0.416666667,146769,11.463822
199189,18,30676.0,2,15,0.222222222,429464,11.603739
146584,6,43723.0,6,16,0.0,262338,16.195492
56085,24,5812.0,12,11,0.75,34872,8.691441
436360,24,65953.0,4,13,0.083333333,1450966,12.02155
112172,12,20911.0,4,15,0.166666667,209110,12.646544
108391,18,15105.0,5,14,0.722222222,75525,10.095021
300567,24,36220.0,3,30,0.583333333,362200,9.241535
160659,24,20456.0,4,20,0.583333333,204560,9.620215
53779,24,6481.0,2,41,0.666666667,51848,9.084825
190568,12,26713.68,1,51,1.0,0,8.824782
230593,18,43464.0,7,13,0.0,782352,14.688676
136440,9,28120.0,4,13,0.222222222,196840,11.977831
162828,24,18947.51,3,20,1.0,0,8.740537
87807,24,10218.0,10,14,0.833333333,40872,8.700153
318592,24,44664.0,6,14,0.5,535968,11.12636
93935,36,4319.0,7,50,0.666666667,51828,3.0171528
159338,18,24539.0,8,20,0.555555556,196312,11.374089
513197,24,28441.0,1,41,0.208333333,540379,1.830209
219649,18,33826.0,2,13,0.222222222,473564,11.636548
278788,12,49096.0,1,60,0.416666667,343672,11.413169
140240,12,25224.0,9,60,0.666666667,100896,10.632558
346769,24,34236.0,7,20,0.958333333,34236,7.3833985
92834,9,17537.45,5,22,1.0,0,9.222387
212087,18,34307.0,4,50,0.111111111,548912,12.33768
221830,12,39065.0,3,20,0.25,351585,11.540131
230844,24,33621.0,10,14,0.333333333,537936,11.609524
22861,6,6941.0,5,12,0.166666667,34705,16.502056
219500,12,38655.0,1,14,0.416666667,270585,11.4993925
118671,12,18979.0,8,50,0.833333333,37958,10.3561735
249475,18,35237.0,9,22,0.5,317133,11.386493
137409,12,24199.0,10,41,0.666666667,96796,11.411478
346888,24,50522.0,12,30,0.25,909396,11.491777
214496,12,37774.0,10,13,0.666666667,151096,11.434822
126629,12,23004.0,1,10,0.416666667,161028,12.06666
211693,36,23052.0,8,13,0.611111111,322728,8.712911
128750,6,33593.0,4,21,0.333333333,134372,12.307631
53589,12,9437.0,8,10,0.833333333,18874,11.062195
366081,36,53605.0,4,50,0.055555556,1822570,11.417437
112595,24,13102.0,1,51,0.708333333,91714,8.845898
112780,12,18548.0,11,20,0.583333333,92740,10.132312
49464,30,3159.0,6,60,0.766666667,22113,2.878419
379766,18,53640.0,10,50,0.388888889,590040,11.50675
85769,12,15427.0,11,20,0.583333333,77135,11.957499
247825,24,36094.0,10,20,0.333333333,577504,11.550269
420629,24,61262.0,3,50,0.125,1286502,11.764552
250837,18,39924.0,4,30,0.111111111,638784,11.571871
115067,18,15298.0,4,13,0.777777778,61192,9.334257
29171,6,7487.0,1,12,0.833333333,7487,11.959537
68285,9,14012.0,1,11,0.666666667,42036,11.533068
105784,9,22412.0,1,14,0.555555556,89648,11.335619
122975,12,22925.0,4,50,0.25,206325,12.70895
443957,36,18614.0,6,16,0.0,670104,2.160218
114536,6,29395.0,3,61,0.5,88185,11.772701
108074,24,13294.0,3,13,0.625,119646,9.342449
107091,18,14490.0,3,15,0.833333333,43470,9.4875
199748,15,43410.0,5,60,0.066666667,607740,16.17519
280179,24,40806.0,11,50,0.291666667,693702,11.4711275
173278,18,19333.0,11,10,0.388888889,212663,8.190732
166997,12,29409.0,2,13,0.333333333,235272,11.632103
228340,36,24865.0,1,10,0.472222222,472435,8.745993
194847,24,23480.0,3,51,0.625,211320,8.982053
130860,18,17079.0,3,20,0.833333333,51237,9.103676
287159,12,59607.0,7,22,0.0,715284,15.0010395
140098,9,28987.0,1,61,0.555555556,115948,11.847363
351790,18,54177.0,11,10,0.388888889,595947,11.419675
154511,6,40646.0,4,61,0.333333333,162584,12.428871
97159,24,13621.0,8,11,0.416666667,190694,11.202054
54457,24,6337.0,2,20,0.666666667,50696,9.095221
459928,24,66985.0,1,30,0.208333333,1272715,11.568495
112444,12,20427.0,3,16,0.25,183843,12.1362295
128950,18,19859.0,11,10,0.388888889,218449,11.746325
57235,18,7248.94,12,21,1.0,0,7.9627614
56376,12,10140.0,10,50,0.666666667,40560,11.915118
103330,24,15892.0,9,12,0.5,190704,10.938694
55944,9,11600.0,12,61,0.666666667,34800,11.668552
94527,12,17002.0,9,16,0.75,51006,10.594386
170601,24,24847.0,12,51,0.25,447246,11.549344
100700,6,29666.0,5,13,0.333333333,118664,15.415489
51648,24,6138.0,11,30,0.791666667,30690,8.99333
226179,18,26803.0,3,61,0.833333333,80409,8.827419
38112,24,4435.0,2,51,0.666666667,35480,9.275329
117318,12,20660.0,10,40,0.666666667,82640,11.651209
114990,12,20250.0,3,10,0.25,182250,11.461123
311949,24,30798.0,9,60,0.875,92394,7.381507
62315,12,14274.0,5,14,0.166666667,142740,16.812664
267179,12,45165.0,3,11,0.166666667,451650,11.749656
157741,12,27779.0,1,20,0.416666667,194453,11.548893
236952,24,34510.0,11,10,0.291666667,586670,11.373982
133300,24,15512.0,2,11,0.666666667,124096,8.813824
54553,18,8123.0,7,15,0.611111111,56861,11.028962
321414,24,37401.0,2,30,0.625,336609,9.071973
433639,36,60951.0,1,41,0.138888889,1889481,11.381831
229856,24,29267.0,4,30,0.583333333,292670,9.529804
55896,12,7835.56,1,20,1.0,0,8.232867
112431,6,29422.0,1,11,0.833333333,29422,12.223797
75229,12,13248.0,9,14,0.75,39744,10.956148
490110,18,75478.0,12,20,0.333333333,905736,11.130022
193697,12,34111.0,9,40,0.75,102333,11.287132
177688,24,20677.0,12,20,0.75,124062,8.812713
39686,6,11888.0,5,20,0.333333333,47552,15.942614
213492,12,37597.0,1,10,0.416666667,263179,11.4420395
116000,9,23389.0,10,20,0.888888889,23389,11.911966
55592,18,7256.0,2,40,0.888888889,14512,8.87783
240105,12,53431.0,6,14,0.0,641172,15.59678
210952,24,24548.0,9,61,0.875,73644,8.807441
159036,18,23818.0,10,20,0.5,214362,11.350374
332358,36,36191.0,2,11,0.444444444,723820,8.766247
78838,18,11539.0,6,10,0.666666667,69234,10.524816
236555,12,38904.0,1,40,0.416666667,272328,10.38014
107697,12,16654.5,3,22,1.0,0,9.097666
252344,30,28116.0,2,13,0.533333333,393624,8.929001
159314,18,25357.0,4,20,0.111111111,405712,12.138762
282168,24,32835.0,10,15,0.833333333,131340,8.743747
288310,18,59053.0,5,41,0.055555556,1003901,16.24654
291691,12,47971.0,3,40,0.25,431739,11.537181
172644,18,35362.0,6,14,0.0,636516,16.415838
147853,18,23533.0,3,50,0.166666667,352995,12.088646
171459,24,19952.0,11,16,0.791666667,99760,8.735671
109204,12,17523.71,5,16,1.0,0,9.788097
85584,6,26803.0,6,40,0.0,160818,16.195076
280971,18,35586.0,1,41,0.944444444,35586,8.980819
266720,24,38846.0,10,51,0.333333333,621536,11.525239
248824,24,37856.0,3,60,0.125,794976,11.884145
138235,30,8829.0,6,22,0.766666667,61803,3.8149705
115508,18,17789.0,3,30,0.166666667,266835,11.590071
51995,24,6179.0,9,14,0.875,18537,9.002355
21048,9,4355.0,2,10,0.555555556,17420,12.883763
186622,18,28740.0,1,40,0.277777778,373620,11.664461
493218,18,75957.0,11,20,0.388888889,835527,10.591472
222052,24,32340.0,10,51,0.333333333,517440,11.5685
53674,24,6246.0,10,20,0.833333333,24984,8.718735
290081,18,38566.0,4,40,0.833333333,115698,9.249297
163074,12,29486.0,4,20,0.166666667,294860,11.909262
425342,12,70967.0,2,51,0.333333333,567736,11.328339
164123,18,25275.0,1,40,0.277777778,328575,11.307282
209832,36,12422.0,9,50,0.611111111,173908,3.9999185
54186,24,6305.0,8,50,0.875,18915,8.770292
35107,18,5138.55,6,20,1.0,0,9.276957
175766,24,21181.0,2,20,0.666666667,169448,9.237104
63641,18,8060.36,10,20,1.0,0,8.620086
49405,18,6371.52,6,13,1.0,0,9.2346325
223316,18,34391.0,3,10,0.166666667,515865,11.874704
184932,18,23422.0,2,30,0.888888889,46844,8.651198
161259,24,18765.0,9,41,0.875,56295,8.748954
53335,18,6755.0,1,21,0.944444444,6755,8.479732
194658,24,28350.0,11,21,0.291666667,481950,11.49128
64647,12,10339.0,9,20,0.75,31017,10.33964
138031,36,13101.0,6,40,0.666666667,157212,7.456903
103709,12,11595.77,11,10,1.0,0,5.915872
113241,24,16493.0,11,22,0.291666667,280381,11.451658
161037,18,12035.0,5,51,0.055555556,204595,3.8528848
386585,12,68080.0,3,16,0.25,612720,11.606458
435919,18,48041.0,1,41,0.944444444,48041,7.9596767
510178,18,35299.0,2,41,0.277777778,458887,1.9948773
67422,18,8468.0,1,61,0.944444444,8468,8.781375
113367,6,32538.0,6,20,0.0,195228,15.99709
117318,12,20660.0,11,61,0.583333333,103300,11.533213
103699,6,30932.0,6,60,0.0,185592,16.986038
239825,24,33621.0,8,50,0.416666667,470694,11.0644455
257239,18,21422.6,8,20,1.0,0,4.169873
135921,36,8046.0,12,51,0.861111111,40230,4.3048086
54549,18,11173.0,5,50,0.055555556,189941,15.994069
104631,6,27876.0,2,16,0.666666667,55752,11.761345
293179,12,51630.0,10,20,0.666666667,206520,11.5547085
313108,18,39656.0,2,14,0.888888889,79312,9.012884
441329,24,64276.0,8,12,0.416666667,899864,11.266795
176309,18,12199.0,2,10,0.277777778,158587,2.4677489
178634,12,24510.0,11,50,0.666666667,98040,9.221173
109062,12,19812.0,3,50,0.333333333,158496,12.118327
79218,12,14768.0,4,16,0.166666667,147680,12.693164
57949,18,8482.0,6,13,0.722222222,42410,10.848396
61243,18,7756.59,6,11,1.0,0,8.991128
62894,12,10058.0,9,61,0.833333333,20116,9.927426
96393,12,20576.0,7,22,0.0,246912,15.105677
50655,18,6532.66,5,10,1.0,0,9.035461
341148,24,39698.0,9,13,0.875,119094,8.553478
264523,24,33681.0,4,51,0.583333333,336810,9.7417145
75363,24,11466.0,3,11,0.125,240786,12.198554
156855,12,34254.0,5,41,0.166666667,342540,16.519442
440232,9,101870.0,6,41,0.0,916830,16.123682
243012,24,35393.0,12,60,0.25,637074,11.519527
78467,12,12134.34,3,22,1.0,0,9.272373
175581,12,30921.0,9,51,0.75,92763,10.69235
228214,18,29785.0,3,40,0.833333333,89355,9.306643
160994,24,18734.0,12,30,0.75,112404,8.720686
196071,30,21613.0,9,61,0.7,194517,8.568473
148104,12,32344.0,5,16,0.166666667,323440,16.473383
90692,12,13703.74,11,22,1.0,0,9.293866
91570,18,14102.0,2,13,0.222222222,197428,11.289581
432113,24,65311.0,3,12,0.125,1371531,11.955678
296052,12,52136.0,11,40,0.583333333,260680,11.590178
118581,12,20883.0,11,41,0.583333333,104415,11.470814
310758,24,45260.0,12,13,0.25,814680,11.521101
105283,24,15334.0,8,61,0.416666667,214676,11.619567
79367,9,16815.0,2,20,0.444444444,84075,12.173467
192167,9,39605.0,4,61,0.222222222,277235,12.30997
288947,36,31107.0,10,14,0.555555556,497712,8.908677
145180,12,25567.0,3,11,0.25,230103,11.896089
122786,18,19721.0,12,12,0.388888889,216931,11.842519
113263,18,16578.0,6,12,0.666666667,99468,10.551143
201170,24,14352.97,5,20,1.0,0,4.031252
104926,18,14362.0,4,10,0.722222222,71810,9.501211
476257,12,101184.0,5,61,0.083333333,1113024,14.427889
28063,12,5111.0,10,11,0.75,15333,12.50319
67237,12,12214.0,2,14,0.333333333,97712,12.0052185
299028,24,43551.0,1,40,0.208333333,827469,11.543838
193854,24,22558.0,1,41,0.708333333,157906,8.685358
92931,36,10119.0,3,50,0.75,91071,8.70681
52703,6,12159.0,4,10,0.333333333,48636,11.581229
17502,6,4232.73,9,12,1.0,0,11.413841
236503,36,16389.0,5,14,0.361111111,376947,5.0533786
407793,24,40857.0,12,41,0.25,735426,7.0817275
242954,18,37416.0,3,16,0.166666667,561240,11.774299
54268,18,6873.2,1,21,1.0,0,8.536832
33237,9,6207.18,5,13,1.0,0,9.791927
196666,24,24213.0,3,61,0.583333333,242130,9.530822
187495,36,20417.0,8,41,0.638888889,265421,8.593651
255614,30,13083.0,6,51,0.8,78498,2.9620264
116476,12,24746.0,5,20,0.083333333,272206,15.604545
308357,24,30895.0,11,10,0.333333333,494320,6.6337485
289595,18,40356.0,6,10,0.666666667,242136,9.692935
109585,12,17190.87,4,20,1.0,0,9.698161
34600,6,8880.0,1,21,0.833333333,8880,12.021351
368302,18,56719.0,11,41,0.388888889,623909,11.43823
100836,18,16143.0,2,12,0.277777778,209859,11.898393
131207,36,14287.0,8,50,0.611111111,200018,8.756348
59239,9,11945.0,8,30,0.888888889,11945,11.923179
34821,6,10277.0,6,11,0.0,61662,15.747417
168714,36,18372.0,4,10,0.722222222,183720,8.763195
140806,18,18720.0,3,10,0.777777778,74880,7.287839
48681,9,10094.0,12,20,0.666666667,30282,12.0511875
136905,12,24870.0,3,61,0.25,223830,12.061532
129852,24,15110.0,1,15,0.708333333,105770,8.730405
259415,18,39951.0,12,20,0.333333333,479412,11.521589
101100,18,8869.0,2,15,0.888888889,17738,5.447002
223182,18,34371.0,2,11,0.222222222,481194,11.612471
171057,12,30124.0,10,60,0.666666667,120496,11.665882
373890,18,57580.0,2,12,0.222222222,806120,11.474479
313175,18,34941.0,2,40,0.277777778,454233,6.0178456
129421,36,7661.0,2,41,0.444444444,153220,3.9003205
403002,24,58694.0,8,14,0.416666667,821716,11.201544
57397,12,8672.8,12,50,1.0,0,8.942814
181965,24,26502.0,11,50,0.291666667,450534,11.493407
233468,18,29569.0,12,20,0.944444444,29569,8.807026
22016,6,5324.29,8,13,1.0,0,10.571501
222391,24,32390.0,12,14,0.25,583020,11.529257
434323,24,65645.0,3,30,0.125,1378545,11.793729
107463,36,12493.0,3,20,0.416666667,262353,9.475866
197458,18,30409.0,11,16,0.388888889,334499,11.550717
169101,24,20979.0,6,13,0.5,251748,10.136366
137547,24,17513.0,5,40,0.541666667,192643,9.773245
413403,24,52637.0,4,22,0.541666667,579007,9.872209
118006,18,18173.0,1,30,0.277777778,236249,11.620209
369076,24,53753.0,11,13,0.291666667,913801,11.551782
263862,12,46467.0,11,15,0.583333333,232335,11.070464
148037,18,15648.0,6,40,0.722222222,78240,9.091251
251748,24,30994.0,4,30,0.541666667,340934,9.626173
243478,36,15332.0,3,50,0.444444444,306640,4.334836
53418,12,9407.0,10,10,0.666666667,37628,11.861385
248747,36,13587.0,9,30,0.583333333,203805,3.513148
196709,18,30294.0,3,10,0.166666667,454410,11.403143
78225,36,7001.0,4,21,0.722222222,70010,6.9291997
206886,18,32928.0,3,61,0.166666667,493920,11.988861
103723,24,12069.84,4,10,1.0,0,8.727068
352062,12,56304.0,3,40,0.25,506736,10.829339
88363,18,13608.0,1,30,0.277777778,176904,11.369049
238717,12,42039.0,2,61,0.333333333,336312,11.417019
158448,36,17254.0,6,11,0.666666667,207048,8.45356
443444,24,64584.0,10,61,0.333333333,1033344,10.790226
31042,12,4825.0,8,20,0.916666667,4825,10.7887
506777,18,78045.0,1,30,0.277777778,1014585,10.594177
154971,36,16875.0,2,60,0.472222222,320625,8.936776
177653,12,31286.0,2,61,0.333333333,250288,11.727736
118838,24,15131.0,5,41,0.583333333,151310,9.672341
82671,18,12732.0,3,20,0.166666667,190980,11.727049
108794,24,10741.1,4,10,1.0,0,7.3397884
320732,12,56483.0,10,41,0.666666667,225932,11.119522
446424,24,81356.0,6,12,0.0,1952544,15.342315
195629,24,22764.44,12,61,1.0,0,8.735283
29111,9,6000.0,4,20,0.222222222,42000,14.004501
76846,24,8942.0,11,22,0.791666667,44710,8.956281
112343,18,24437.0,6,13,0.055555556,415429,16.5551
151181,18,29468.0,6,21,0.0,530424,14.599937
397547,24,46261.0,1,30,0.708333333,323827,8.030132
147891,24,21539.0,10,20,0.333333333,344624,11.474918
460958,36,22158.0,4,41,0.055555556,753372,2.5893404
210214,18,35304.0,4,12,0.111111111,564864,12.456315
184473,18,28409.0,11,61,0.388888889,312499,11.433175
76255,24,8873.0,2,50,0.666666667,70984,8.80352
446122,24,24724.0,3,12,0.166666667,494480,2.5317307
91431,9,19371.0,2,40,0.444444444,96855,12.639623
176625,6,46220.5,1,10,1.0,0,9.9260645
192029,12,42732.0,5,50,0.083333333,470052,14.922311
244371,24,48733.0,6,13,0.041666667,1120859,15.862079
417813,18,59013.0,8,21,0.555555556,472104,10.6608305
106994,18,13551.02,7,50,1.0,0,8.635668
57425,24,6682.0,2,16,0.666666667,53456,8.825786
98558,9,20392.0,2,10,0.555555556,81568,11.951425
112090,12,19740.0,3,14,0.25,177660,11.720963
60577,6,15546.85,8,21,1.0,0,11.5812435
31681,24,3686.66,10,50,1.0,0,8.883426
272768,12,48036.0,10,51,0.666666667,192144,11.109046
31565,9,5960.42,4,40,1.0,0,9.574617
25503,9,5277.0,1,51,0.555555556,21108,11.807011
112984,9,22781.0,2,15,0.444444444,113905,11.751418
275652,18,38934.0,9,61,0.5,350406,10.528114
360706,24,45927.0,5,40,0.541666667,505197,9.420233
47462,24,3386.34,12,15,1.0,0,5.612268
128408,36,13983.0,6,14,0.611111111,195762,8.477449
70121,18,13217.0,6,12,0.0,237906,15.058719
259752,24,30226.0,12,20,0.75,181356,8.718601
118583,12,21441.0,4,30,0.166666667,214410,12.273152
104880,9,19986.0,2,13,0.444444444,99930,10.15817
188304,18,30147.0,1,50,0.277777778,391911,11.63797
61609,12,11192.0,1,16,0.416666667,78344,12.292777
191161,18,29439.0,3,16,0.166666667,441585,11.352413
237107,24,27591.0,8,61,0.958333333,27591,8.994144
78092,18,12026.0,12,20,0.333333333,144312,11.611491
37451,9,7685.0,10,11,0.888888889,7685,12.150852
90375,24,12670.0,8,40,0.416666667,177380,10.953669
228429,24,29085.0,5,11,0.541666667,319935,9.715098
70985,12,9650.14,12,41,1.0,0,7.914062
222160,24,28146.0,8,20,0.416666667,394044,9.895426
355572,24,51786.0,11,11,0.291666667,880362,11.499506
114316,36,6767.0,3,11,0.75,60903,4.086687
116714,12,20993.0,10,14,0.666666667,83972,11.780606
225979,18,28621.0,1,30,0.944444444,28621,8.78888
79035,12,14291.0,4,61,0.166666667,142910,12.156984
110761,36,6557.0,7,40,0.638888889,85241,3.4695673
212156,42,11903.0,4,13,0.619047619,190448,4.086072
293952,18,60209.0,5,61,0.0,1083762,15.349015
119324,24,11955.0,11,11,0.291666667,203235,7.959469
173401,12,38587.0,6,50,0.0,463044,16.286003
146420,24,17038.0,9,20,0.875,51114,8.964215
155075,18,20239.0,2,51,0.888888889,40478,8.853307
206584,12,37138.0,5,13,0.083333333,408518,13.4226
239628,24,34900.0,2,20,0.166666667,698000,11.586743
91936,18,14159.0,9,20,0.5,127431,11.549347
291557,24,53133.0,7,11,0.0,1275192,15.79481
181973,18,34300.0,6,40,0.0,617400,16.139507
363873,24,52995.0,11,40,0.291666667,900915,11.495598
491324,36,46632.0,11,30,0.527777778,792744,7.035674
200164,24,26551.0,5,13,0.541666667,292061,10.190996
157915,24,18376.0,10,30,0.833333333,73504,8.780372
69098,12,12169.0,11,10,0.583333333,60845,11.7974825
96283,18,14828.0,10,50,0.444444444,148280,11.748467
115889,18,17847.0,11,50,0.388888889,196317,11.580223
44350,24,5316.86,1,21,1.0,0,9.111087
289093,24,36809.0,5,15,0.541666667,404899,9.957163
36915,12,6724.0,12,40,0.583333333,33620,11.4000025
349362,30,42954.0,4,61,0.466666667,687264,9.612195
506281,12,89159.0,2,40,0.333333333,713272,10.440819
91053,24,10595.0,10,50,0.833333333,42380,8.560131
42016,12,6742.3,4,20,1.0,0,9.27284
138244,12,24345.0,11,13,0.583333333,121725,11.521903
182809,18,28153.0,8,40,0.555555556,225224,11.201113
134324,24,13458.0,2,14,0.166666667,269160,7.552814
208663,12,38223.0,4,14,0.166666667,382230,12.239605
79743,9,16079.0,1,10,0.555555556,64316,11.999281
329662,24,46215.0,7,40,0.458333333,600795,10.798939
167117,18,23288.0,6,16,0.666666667,139728,10.239495
331943,18,62567.0,6,50,0.0,1126206,15.528656
99909,18,15902.0,4,10,0.111111111,254432,12.315161
147264,24,17136.0,8,20,0.916666667,34272,8.736422
178798,12,31487.0,9,14,0.75,94461,11.709723
188814,18,25844.0,4,60,0.777777778,103376,9.471398
115031,12,18396.0,8,51,0.833333333,36792,9.7242775
132018,18,16581.0,2,13,0.833333333,49743,8.947827
126905,18,16073.0,1,11,0.944444444,16073,8.8161
411519,18,63375.0,1,61,0.277777778,823875,11.608464
498362,24,72583.0,2,14,0.166666667,1451660,11.253348
50342,12,9145.0,1,21,0.416666667,64015,11.68404
137011,24,15943.0,11,15,0.791666667,79715,8.685441
167838,12,29557.0,2,11,0.416666667,206899,11.67673
51786,18,6559.0,2,50,0.888888889,13118,8.588884
110979,24,12914.0,10,11,0.791666667,64570,8.76659
141735,12,30953.0,5,11,0.083333333,340483,16.360882
210668,24,27382.0,5,20,0.541666667,301202,10.142008
114768,9,23141.0,3,20,0.333333333,138846,11.3412285
50816,12,11308.0,5,10,0.083333333,124388,16.195028
114910,18,14553.69,8,50,1.0,0,8.806704
296652,24,37772.0,4,41,0.583333333,377720,9.764277
118260,12,25826.0,5,60,0.083333333,284086,15.540914
177396,36,19317.0,4,50,0.722222222,193170,8.841118
146621,24,17061.61,4,13,1.0,0,8.884078
116942,12,11979.0,6,20,0.0,143748,4.4328547
79776,18,10606.0,4,41,0.777777778,42424,9.8705635
246512,24,28685.38,1,30,1.0,0,8.255463
412996,18,84592.0,6,21,0.0,1522656,15.822103
352612,18,54303.0,1,30,0.277777778,705939,11.510154
191469,12,33719.0,2,22,0.333333333,269752,11.549484
250394,24,17548.25,5,20,1.0,0,4.1068425
67432,9,12071.46,9,13,1.0,0,10.839778
159064,18,23684.0,7,50,0.611111111,165788,10.941602
141640,24,10106.0,12,21,0.791666667,50530,4.1003866
150503,36,21154.0,8,22,0.277777778,550004,11.303064
70246,6,18028.0,3,51,0.5,54084,12.302381
30600,12,4894.0,8,20,0.833333333,9788,10.930097
172898,12,17711.0,5,13,0.166666667,177110,1.884436
137580,6,36595.0,4,40,0.333333333,146380,12.608768
125956,12,20144.0,1,20,0.416666667,141008,9.698221
319671,24,46558.0,2,20,0.166666667,931160,11.339951
253455,18,37456.0,5,41,0.111111111,599296,5.5312657
400270,36,52757.0,6,30,0.333333333,1266168,10.561782
42987,12,8034.0,2,21,0.416666667,56238,11.80783
137552,9,25688.43,4,12,1.0,0,9.401987
101577,18,9331.0,2,20,0.888888889,18662,5.549904
166001,24,19317.0,12,51,0.75,115902,8.762021
217570,24,25318.0,12,20,0.75,151908,8.713104
56264,12,7648.88,11,30,1.0,0,7.8619175
295392,24,38993.0,1,40,0.208333333,740867,10.512276
47874,24,5571.0,2,61,0.666666667,44568,9.11343
487336,30,56424.0,3,40,0.5,846360,8.150226
88710,12,18414.0,6,10,0.0,220968,15.520461
70637,12,12705.0,12,10,0.5,76230,11.911817
46760,6,13948.0,6,22,0.0,83688,16.463703
177124,18,27278.0,9,20,0.5,245502,11.471071
179910,12,31683.0,11,14,0.583333333,158415,11.507052
79860,24,8276.35,1,20,1.0,0,7.7601185
156322,24,23179.0,8,13,0.458333333,301327,11.268239
329225,36,46275.05,10,14,1.0,0,10.748814
319037,24,46465.0,9,20,0.375,696975,11.487384
315164,24,45901.0,2,60,0.166666667,918020,11.0715065
75959,12,11477.5,1,13,1.0,0,8.560119
255099,18,34766.0,10,20,0.444444444,347660,10.772915
145877,18,29879.0,6,51,0.0,537822,16.5086
50519,12,8079.0,9,10,0.833333333,16158,9.32028
363990,24,42356.0,10,41,0.833333333,169424,8.817513
139624,36,15204.0,1,50,0.861111111,76020,8.770169
269974,12,47544.0,2,13,0.333333333,380352,11.595796
308450,18,23053.0,6,60,0.0,414954,2.6942897
27659,24,3287.0,7,13,0.958333333,3287,9.805059
137671,24,14473.0,3,30,0.125,303933,7.7002287
160537,24,22506.0,7,20,0.5,270072,10.950021
324444,18,62886.0,5,61,0.055555556,1069062,15.3876705
223244,18,35740.0,3,60,0.166666667,536100,11.907034
134086,36,14435.0,2,14,0.444444444,288700,9.250714
165440,18,20779.0,2,30,0.888888889,41558,8.7899885
86511,6,26266.0,6,60,0.166666667,131330,16.648214
234851,18,37379.0,4,30,0.111111111,598064,11.988856
90886,30,5804.91,9,12,1.0,0,4.3473372
349680,9,66635.0,4,13,0.222222222,466445,11.796485
157104,36,17108.0,9,10,0.583333333,256620,8.557905
106306,12,18226.0,7,30,0.916666667,18226,10.776634
467940,24,68152.0,2,16,0.166666667,1363040,11.521764
129130,24,17046.0,2,13,0.166666667,340920,11.590209
117490,60,6041.0,11,22,0.516666667,175189,4.6120973
151357,18,23309.0,2,20,0.222222222,326326,11.537127
187377,18,28857.0,11,13,0.388888889,317427,11.493374
120106,12,21603.0,10,14,0.666666667,86412,12.078652
66504,24,9686.0,10,50,0.333333333,154976,11.072619
297452,24,41700.0,7,60,0.458333333,542100,11.054806
294139,12,65455.0,6,30,0.0,785460,15.62011
61089,9,12667.0,11,61,0.777777778,25334,12.091979
247858,9,41775.0,2,10,0.444444444,208875,11.083252
237634,24,34610.0,12,21,0.25,622980,11.552304
237601,24,34605.0,11,40,0.291666667,588285,11.517789
164185,24,18920.0,10,20,0.833333333,75680,8.519151
47981,6,12009.24,6,10,1.0,0,9.87102
293643,36,13500.0,7,41,0.638888889,175500,2.7698457
241256,36,15773.0,3,13,0.416666667,331233,4.1853166
153035,36,16664.0,10,61,0.555555556,266624,8.749709
194338,24,28304.0,2,13,0.166666667,566080,11.600358
56897,12,9099.0,9,50,0.75,27297,9.886468
221866,18,35313.0,4,50,0.111111111,565008,12.107734
66758,12,10979.0,8,21,0.833333333,21958,10.998654
90121,18,11414.09,9,14,1.0,0,8.6827545
111236,12,15263.0,1,16,0.416666667,106841,6.685236
228924,24,27587.0,3,20,0.625,248283,9.189542
227260,30,27942.0,5,60,0.433333333,475014,9.391331
340166,18,46359.0,10,20,0.444444444,463590,10.332826
107213,12,19527.47,11,20,1.0,0,10.276771
227004,18,34959.0,12,10,0.333333333,419508,11.502322
34297,18,5191.0,6,20,0.666666667,31146,11.27864
111336,18,15239.0,5,20,0.722222222,76195,9.979964
68060,18,8619.94,11,12,1.0,0,9.229924
140483,18,22491.0,2,16,0.222222222,314874,11.640138
299173,9,61659.0,4,40,0.222222222,431613,11.4478855
215782,18,34546.0,3,13,0.222222222,483644,11.674234
31101,18,3939.06,7,22,1.0,0,9.393931
164899,24,21873.0,5,20,0.541666667,240603,9.749822
126834,18,19533.0,1,41,0.222222222,273462,11.664834
184781,24,22267.0,3,30,0.625,200403,8.998179
301802,12,53149.0,2,10,0.333333333,425192,11.48799
152661,12,27805.0,12,20,0.583333333,139025,11.846434
474929,24,29980.0,6,20,0.041666667,689540,3.479166
205940,6,53733.0,3,51,0.5,161199,12.395402
506809,36,21249.0,7,41,0.0,764964,1.965942
271701,24,34595.0,4,11,0.583333333,345950,9.599568
120633,12,21244.0,10,60,0.583333333,106220,11.469189
70094,12,15307.0,5,14,0.166666667,153070,15.532245
295299,24,16365.0,1,21,0.208333333,310935,2.1575642
310490,18,49418.0,4,61,0.111111111,790688,11.863824
115732,24,14736.0,5,14,0.541666667,162096,9.580188
114426,12,17695.09,3,41,1.0,0,9.219631
114580,9,23512.0,12,10,0.666666667,70536,11.682944
237457,18,30074.0,2,20,0.888888889,60148,7.3341913
222070,24,32343.0,9,20,0.375,485145,11.53388
65474,18,10421.0,3,13,0.166666667,156315,12.09634
117411,36,12785.0,6,12,0.638888889,166205,8.507011
173865,12,30619.0,1,61,0.416666667,214333,11.75029
229749,24,33461.0,11,30,0.291666667,568837,11.43958
130450,24,7724.0,7,41,0.958333333,7724,3.8647857
91685,36,9984.0,5,10,0.75,89856,8.710005
304575,18,40492.0,3,22,0.833333333,121476,9.158557
303495,36,21031.0,4,60,0.388888889,462682,4.564459
143687,18,29431.0,5,12,0.055555556,500327,14.985724
227341,18,33850.0,7,50,0.611111111,236950,11.042649
62670,9,9503.01,4,20,1.0,0,8.560305
62196,12,11187.0,9,20,0.75,33561,11.697699
113570,18,18076.0,4,30,0.111111111,289216,12.121484
239166,12,43244.0,3,20,0.25,389196,11.757564
140473,24,20459.0,2,20,0.166666667,409180,11.676469
290434,12,61705.0,5,61,0.083333333,678755,15.751078
199903,24,29114.0,1,14,0.208333333,553166,11.503278
348875,36,16770.0,5,20,0.055555556,570180,2.438182
9989,9,1809.91,3,13,1.0,0,10.335041
247775,24,36087.0,11,40,0.291666667,613479,11.489315
167894,18,21264.21,8,22,1.0,0,8.912186
174084,18,24588.0,9,12,0.555555556,196704,10.833657
221754,12,39052.0,9,40,0.75,117156,11.43476
117382,24,16456.0,8,20,0.416666667,230384,11.039045
65982,9,13304.0,3,10,0.333333333,79824,12.077675
131774,9,27265.0,3,13,0.333333333,163590,12.205855
118379,24,14574.0,3,20,0.583333333,145740,9.254339
172878,12,30445.0,11,61,0.583333333,152225,11.663971
37926,18,5841.0,10,20,0.444444444,58410,11.817635
502403,24,30722.0,6,14,0.041666667,706606,2.836854
276615,36,12717.0,3,50,0.083333333,419661,2.0783148
188490,24,27452.0,12,15,0.25,494136,11.431419
37236,6,8900.07,4,60,1.0,0,11.0274515
261202,30,28792.0,11,30,0.633333333,316712,9.043627
483837,12,107669.0,5,13,0.083333333,1184359,14.748174
66099,18,8372.0,1,13,0.944444444,8372,8.832351
20480,18,2852.0,4,41,0.833333333,8556,5.56994
104072,24,7337.0,2,10,0.666666667,58696,4.0152626
204809,18,27229.0,4,40,0.777777778,108916,9.670116
60254,12,9366.0,6,13,0.916666667,9366,9.478202
161927,24,15986.88,4,21,1.0,0,7.406792
315110,24,37973.0,2,14,0.625,341757,9.254786
248367,36,28874.0,4,41,0.388888889,635228,9.409052
93853,9,19259.0,11,61,0.777777778,38518,10.585664
88949,24,10351.0,9,50,0.916666667,20702,8.715521
172692,18,27486.0,4,61,0.111111111,439776,12.147953
227645,12,40089.0,2,11,0.333333333,320712,11.5839205
166128,12,29256.0,12,61,0.5,175536,11.646424
168262,12,30424.0,4,41,0.166666667,304240,12.057126
167115,18,22775.0,12,13,0.333333333,273300,10.215498
114335,18,10265.0,4,10,0.777777778,41060,5.8434153
65808,12,6621.0,3,13,0.25,59589,7.766431
220712,18,33990.0,3,61,0.166666667,509850,11.751507
350670,24,51072.0,1,30,0.208333333,970368,11.437406
360715,24,52535.0,1,30,0.208333333,998165,11.490179
105861,6,31576.0,6,10,0.0,189456,16.096127
242963,18,39302.0,4,20,0.111111111,628832,12.204528
171874,24,24095.06,8,21,1.0,0,10.016012
329021,18,43743.0,4,61,0.777777778,174972,10.073988
349667,18,39013.0,10,41,0.444444444,390130,8.644086
162126,30,23041.0,11,11,0.233333333,529943,11.155533
315467,18,48583.0,11,40,0.388888889,534413,11.545753
68035,24,7917.0,8,10,0.916666667,15834,8.650445
94989,12,16942.0,9,61,0.666666667,67768,11.057891
59686,9,12248.0,11,11,0.888888889,12248,12.245581
152133,24,19371.0,4,12,0.583333333,193710,9.628237
240583,36,16080.0,5,10,0.361111111,369840,5.0052876
172547,18,25692.0,8,12,0.555555556,205536,10.793318
166090,18,25578.0,1,40,0.277777778,332514,11.487174
125741,18,26579.0,6,11,0.055555556,451843,16.06265
212251,12,37379.0,10,60,0.666666667,149516,11.597367
89973,18,13856.0,2,14,0.222222222,193984,11.505683
118211,18,14971.76,7,10,1.0,0,8.866948
300471,18,46273.0,2,40,0.222222222,647822,11.435601
152159,24,23995.0,3,13,0.125,503895,12.397504
205720,24,23938.69,11,20,1.0,0,8.377941
231595,18,35666.0,12,10,0.333333333,427992,11.50984
234009,18,34843.0,8,22,0.555555556,278744,10.963866
54087,12,8172.65,2,13,1.0,0,8.766558
168605,18,26835.0,4,15,0.111111111,429360,12.178394
259505,24,39223.0,4,61,0.083333333,862906,12.1727705
306299,12,53941.0,3,61,0.25,485469,11.557743
31612,18,4327.0,4,20,0.777777778,17308,9.814586
87853,12,15960.0,2,50,0.333333333,127680,11.577747
71513,12,17117.0,5,14,0.083333333,188287,16.83479
120090,24,13974.0,9,40,0.875,41922,8.645303
309222,30,19750.0,8,11,0.733333333,158000,3.8152997
224945,12,40672.0,4,61,0.166666667,406720,12.256209
96284,18,14828.0,12,16,0.333333333,177936,11.639919
468775,18,74611.0,4,20,0.111111111,1193776,11.850044
115871,12,20841.0,10,40,0.666666667,83364,11.715103
31462,6,9710.0,6,20,0.166666667,48550,16.879456
151386,30,21514.0,1,20,0.166666667,537850,11.476988
58642,24,6824.0,8,50,0.916666667,13648,8.719595
113509,36,12360.0,7,41,0.666666667,148320,8.73708
225449,18,27245.0,4,10,0.777777778,108980,9.291445
212732,36,29901.0,9,11,0.25,807327,11.487085
356256,36,38794.0,2,50,0.472222222,737086,8.739393
70810,18,11080.0,8,11,0.555555556,88640,11.15266
243477,24,35461.0,2,11,0.166666667,709220,11.488454
343700,24,50057.0,12,50,0.25,901026,11.481582
250872,24,25135.0,10,10,0.375,377025,7.124955
209878,18,32322.0,12,15,0.333333333,387864,11.388556
89939,12,12916.05,3,21,1.0,0,7.591859
271067,12,47736.0,11,10,0.583333333,238680,10.913219
60971,24,7347.0,3,13,0.625,66123,8.860211
458777,18,86474.0,7,61,0.0,1556532,15.260355
331931,18,51118.0,9,13,0.5,460062,11.527056
106307,9,22475.0,3,13,0.333333333,134850,11.565218
65257,12,11799.0,4,10,0.166666667,117990,11.871306
86768,12,15763.0,3,20,0.333333333,126104,12.336055
333400,24,32109.0,9,41,0.333333333,513744,6.7733865
148526,18,12428.0,3,51,0.888888889,24856,6.16671
147595,48,7239.0,8,40,0.5,173736,3.611284
403597,24,61001.0,3,11,0.083333333,1342022,12.0366745
53232,9,11014.0,1,40,0.555555556,44056,12.035648
108882,12,19175.0,12,61,0.5,115050,11.402081
115432,24,13432.34,1,12,1.0,0,8.701868
286288,18,39017.0,12,13,0.333333333,468204,10.25631
26204,36,2331.0,10,40,0.861111111,11655,8.558701
131688,18,20823.0,11,30,0.388888889,229053,11.60594
322604,12,58330.0,3,12,0.25,524970,11.649093
71807,24,8356.0,8,12,0.916666667,16712,8.673917
348497,36,23293.0,5,51,0.361111111,535739,4.9820704
228983,24,29763.0,6,16,0.5,357156,10.597101
55589,18,7040.5,6,13,1.0,0,9.000928
53236,6,13890.0,3,15,0.5,41670,12.487639
224025,24,32628.0,11,41,0.25,587304,11.498586
306277,12,42283.0,8,50,0.833333333,84566,10.071502
249662,36,11478.0,6,40,0.694444444,126258,3.2091782
336903,24,33755.0,11,21,0.291666667,573835,7.1388273
155560,36,13505.0,8,10,0.25,364635,7.4983115
73746,36,8030.0,3,14,0.75,72270,8.779944
217430,18,34607.0,3,51,0.111111111,553712,12.043803
56242,24,6545.0,1,20,0.708333333,45815,8.654123
316106,9,65148.0,3,61,0.333333333,390888,11.902843
192109,36,20919.0,12,11,0.5,376542,8.705676
416782,18,62057.0,7,13,0.611111111,434399,10.467898
402855,24,24635.0,5,13,0.083333333,541970,2.5641394
107712,18,16588.0,12,41,0.333333333,199056,11.619158
136871,24,17427.0,5,16,0.541666667,191697,9.671813
158089,24,18396.03,1,11,1.0,0,8.813014
47153,18,5972.14,9,20,1.0,0,8.346408
213419,12,37584.0,9,14,0.75,112752,11.459443
53897,18,8300.0,1,20,0.277777778,107900,10.769578
178348,12,17303.0,7,30,0.0,207636,2.624015
315283,36,44315.0,8,15,0.277777778,1152190,11.50242
258667,18,39835.0,10,40,0.444444444,398350,11.464943
163865,12,28857.0,3,51,0.25,259713,10.928931
363599,24,54956.0,4,20,0.083333333,1209032,11.70989
86442,12,15744.0,10,40,0.75,47232,12.3227005
65584,6,17163.0,3,13,0.666666667,34326,12.202985
60515,24,4871.0,7,30,0.458333333,63323,5.7619867
58416,18,8996.0,9,20,0.5,80964,11.616086
277604,24,38917.0,6,13,0.5,467004,10.636968
351167,18,37907.0,9,41,0.5,341163,8.437592
117851,12,21198.0,10,61,0.75,63594,11.976465
70767,18,10898.0,8,20,0.5,98082,11.810812
158722,12,27952.0,12,60,0.5,167712,11.550252
294658,36,32086.0,2,41,0.444444444,641720,8.600924
152929,12,16923.61,11,20,1.0,0,6.9099283
76585,9,16191.0,3,60,0.333333333,97146,11.8847475
65776,12,11584.0,10,10,0.666666667,46336,11.843984
219897,24,32026.0,12,51,0.25,576468,11.507899
111287,12,10797.0,3,22,0.166666667,107970,1.7254071
156542,30,19247.0,4,41,0.466666667,307952,9.965951
242142,9,48824.0,2,20,0.444444444,244120,11.5765085
112578,18,17337.0,3,30,0.166666667,260055,11.544171
14029,12,2523.34,10,11,1.0,0,10.152595
109918,12,16608.74,11,11,1.0,0,9.084258
99431,24,12660.0,4,41,0.583333333,126600,9.521622
184468,24,26867.0,8,51,0.416666667,376138,11.664961
105709,6,31531.0,5,10,0.166666667,157655,16.343533
118780,18,18293.0,11,10,0.388888889,201223,11.645978
124670,18,17064.0,5,13,0.722222222,85320,9.944659
90174,9,21837.0,6,20,0.0,196533,15.815888
500841,24,57201.0,5,21,0.541666667,629211,8.839939
36058,9,6411.14,2,41,1.0,0,9.05854
110307,30,7045.0,10,13,0.666666667,70450,3.9495816
448756,24,52220.0,1,22,0.708333333,365540,8.869767
57695,12,11061.0,10,13,0.666666667,44244,12.44842
167522,18,25799.0,1,40,0.277777778,335387,11.511934
67015,9,13866.0,3,12,0.444444444,69330,12.395403
257253,12,46514.0,3,13,0.25,418626,11.722823
181392,18,27935.0,12,61,0.333333333,335220,11.508675
179154,48,9672.0,5,22,0.75,116064,3.929143
317662,12,55942.0,11,11,0.583333333,279710,11.684775
224692,18,46023.0,5,12,0.055555556,782391,16.325026
116158,12,21102.0,1,14,0.416666667,147714,11.700994
136089,12,13203.0,6,11,0.0,158436,3.178508
164358,18,24472.0,7,61,0.611111111,171304,10.904027
159826,12,28898.0,3,30,0.25,260082,11.979644
114000,24,14515.0,5,16,0.541666667,159665,9.564045
110791,18,14032.03,10,22,1.0,0,8.503134
99332,18,14790.0,8,40,0.611111111,103530,11.125598
161687,18,24900.0,2,11,0.222222222,348600,11.56729
170449,18,26250.0,1,15,0.277777778,341250,11.438306
171184,12,31912.0,4,51,0.25,287208,12.112155
141233,12,32278.0,5,13,0.083333333,355058,16.893211
228220,12,50786.0,5,50,0.083333333,558646,15.729723
56039,12,10080.0,11,16,0.583333333,50400,11.844378
213234,24,31056.0,11,16,0.291666667,527952,11.444942
123422,12,26345.0,7,30,0.0,316140,15.348689
171317,12,30170.0,11,15,0.583333333,150850,11.504999
84451,12,17942.0,5,30,0.083333333,197362,16.318739
117648,18,17518.0,8,13,0.555555556,140144,11.133925
195638,24,13958.0,7,51,0.958333333,13958,3.784793
200628,24,20101.0,1,41,0.208333333,381919,7.601816
80654,24,9385.0,12,40,0.75,56310,8.796313
179864,36,14665.0,9,21,0.944444444,29330,5.646603
190625,24,24272.0,5,16,0.541666667,266992,9.810806
221781,18,15345.0,3,12,0.222222222,214830,2.2646582
223746,24,22417.0,2,12,0.166666667,448340,6.107417
59647,12,5787.0,2,13,0.333333333,46296,3.4886298
178259,18,27452.0,2,20,0.222222222,384328,11.524503
383254,48,15238.0,5,21,0.520833333,350474,2.2231145
62337,18,8288.0,3,13,0.833333333,24864,9.342186
211896,24,30861.0,12,50,0.208333333,586359,11.472801
226041,24,32921.0,3,22,0.125,691341,11.675069
64067,12,10246.0,8,11,0.75,30738,10.037282
111170,12,19996.0,12,10,0.5,119976,11.8786545
55415,24,6448.0,2,61,0.625,58032,9.177014
53060,12,7213.21,11,21,1.0,0,7.4181623
107179,24,8627.0,4,50,0.583333333,86270,4.7514853
232524,18,35809.0,2,50,0.222222222,501326,11.525679
108127,24,12582.0,9,12,0.875,37746,8.717041
133894,24,15580.62,8,12,1.0,0,8.737976
14268,18,1862.17,3,12,1.0,0,10.183353
41888,9,7679.09,4,12,1.0,0,9.793409
60224,18,6232.0,8,13,0.555555556,49856,8.025347
66871,24,8058.0,2,30,0.625,72522,8.606061
45563,24,5250.0,9,22,0.875,15750,8.735729
100398,24,14622.0,9,10,0.333333333,233952,11.381892
302237,24,44019.0,11,14,0.25,792342,11.519295
85461,18,17505.0,6,16,0.0,315090,16.736372
57008,18,7220.23,9,10,1.0,0,7.8374934
150696,24,21948.0,9,50,0.375,329220,11.561272
274532,18,21039.0,6,11,0.055555556,357663,2.6363351
86417,18,11489.0,3,60,0.833333333,34467,9.238663
489710,24,71323.0,12,61,0.25,1283814,11.512145
176950,18,12243.0,1,41,0.277777778,159159,3.6035137
23485,24,2732.88,3,41,1.0,0,8.96229
334419,18,51501.0,11,61,0.388888889,566511,11.605888
165996,9,33470.0,11,20,0.777777778,66940,10.941457
81982,12,14746.0,1,40,0.5,88476,11.848782
66877,24,7707.0,9,20,0.875,23121,8.731378
174303,18,26843.0,3,12,0.166666667,402645,11.63875
171945,24,19814.0,9,20,0.875,59442,8.799835
36599,24,4411.0,3,41,0.625,39699,9.381131
26219,6,7099.0,3,10,0.666666667,14198,12.280331
221604,12,40594.0,4,61,0.166666667,405940,12.284883
93381,24,10866.0,11,61,0.75,65196,8.727557
85962,18,10887.0,1,20,0.944444444,10887,8.626878
113167,12,19929.0,2,61,0.333333333,159432,11.552086
115131,18,18432.0,1,51,0.222222222,258048,11.968343
14985,6,4470.0,5,30,0.0,26820,15.1658945
69496,12,12239.0,12,14,0.5,73434,11.906242
457564,18,70466.0,11,13,0.277777778,916058,11.731944
211303,18,32541.0,2,51,0.222222222,455574,11.526526
102419,36,11153.0,3,15,0.75,100377,7.992764
67779,12,13323.0,4,12,0.166666667,133230,13.581664
217491,36,30570.0,10,14,0.222222222,855960,11.105871
65014,18,13317.0,6,11,0.0,239706,16.011503
112620,12,18011.0,8,12,0.833333333,36022,9.558286
31923,9,6551.0,12,13,0.777777778,13102,12.130103
39689,9,8230.0,12,20,0.666666667,24690,12.140002
58432,24,5854.0,11,22,0.25,105372,10.60724
99208,9,21470.0,4,15,0.333333333,128820,12.589691
122790,24,14288.0,10,13,0.833333333,57152,8.793708
142045,12,23361.0,9,40,0.75,70083,10.380355
112710,9,21049.02,5,11,1.0,0,9.511109
439885,36,47900.0,9,21,0.555555556,766400,9.08514
482089,24,72865.0,3,61,0.125,1530165,11.721105
66689,12,10665.0,9,60,0.75,31995,9.401805
120078,12,21146.0,3,11,0.25,190314,11.748596
165080,18,21545.0,3,12,0.833333333,64635,9.13522
28030,12,4483.0,9,16,0.75,13449,10.531333
112761,24,22487.0,5,50,0.041666667,517201,13.247203
212996,24,31021.0,1,12,0.208333333,589399,11.530898
181619,12,31984.0,2,41,0.333333333,255872,11.232334
152673,24,17766.0,12,60,0.791666667,88830,8.8228
53701,9,9771.25,7,16,1.0,0,10.580672
333321,18,51332.0,1,61,0.277777778,667316,11.523004
90397,12,15919.0,9,10,0.75,47757,11.564536
441819,24,64348.0,1,41,0.208333333,1222612,10.8261
215412,24,25066.0,8,20,0.916666667,50132,8.733346
31554,24,3750.0,9,40,0.916666667,7500,9.593222
122494,18,14060.0,2,13,0.888888889,28120,8.665749
198313,36,18822.0,10,11,0.555555556,301152,7.7092247
304587,12,55072.0,3,51,0.166666667,550720,11.72045
307716,12,63051.0,6,16,0.0,756612,15.83619
163219,12,29512.0,4,16,0.166666667,295120,12.151315
123902,18,19081.0,11,41,0.388888889,209891,11.601588
171920,24,20006.0,1,61,0.708333333,140042,8.781148
57395,12,12772.0,5,10,0.083333333,140492,16.560572
148880,18,20658.0,6,16,0.055555556,351186,5.1498127
158390,24,18431.1,2,11,1.0,0,8.879237
158292,18,23569.0,7,30,0.611111111,164983,10.959858
52479,6,13468.0,3,20,0.5,40404,12.776876
51030,12,8987.0,12,16,0.5,53922,11.800336
203184,24,23413.86,4,20,1.0,0,8.717665
262792,6,67444.0,3,12,0.5,202332,11.6017885
232854,6,59761.0,2,10,0.666666667,119522,11.400375
78995,36,6358.0,11,15,0.888888889,25432,6.350565
258855,24,31869.0,4,13,0.583333333,318690,9.525491
78413,9,16224.0,2,13,0.555555556,64896,11.751178
211124,24,12500.0,6,10,0.958333333,12500,3.2935896
273715,12,48203.0,2,50,0.333333333,385624,11.508552
305537,36,41160.0,7,10,0.305555556,1029000,10.813714
292830,24,20892.64,3,20,1.0,0,4.5300846
46818,6,12778.0,4,14,0.333333333,51112,13.445786
106819,24,15557.49,10,10,1.0,0,10.080476
113042,12,21074.0,4,10,0.25,189666,12.183745
246987,36,26895.0,5,22,0.694444444,295845,8.285869
170660,18,24979.0,6,15,0.666666667,149874,10.514078
177390,12,31239.0,3,14,0.25,281151,11.786785
53698,18,7008.0,3,50,0.833333333,21024,9.108797
53039,12,9540.0,12,41,0.583333333,47700,12.023718
204577,18,27881.0,6,14,0.611111111,195167,9.761241
129452,18,20470.0,12,16,0.333333333,245640,11.611165
270123,12,47570.0,1,10,0.416666667,332990,11.520201
87646,12,12286.22,2,21,1.0,0,6.8083487
301905,42,20114.0,4,10,0.357142857,543078,4.423976
220468,24,32110.0,12,21,0.25,577980,11.515824
471840,9,111357.0,5,41,0.111111111,890856,13.164916
370435,36,15531.0,6,20,0.0,559116,2.383331
59908,12,9264.27,3,10,1.0,0,10.3434515
109071,12,19208.0,3,20,0.25,172872,11.858545
337890,9,68130.0,3,61,0.333333333,408780,12.204434
34365,12,5390.91,4,13,1.0,0,9.765561
379526,18,26260.0,6,41,0.0,472680,3.085122
77107,18,12473.0,4,50,0.111111111,199568,12.588793
58378,24,3456.0,6,20,0.958333333,3456,2.833984
289486,36,32832.0,2,51,0.444444444,656640,8.718004
160747,12,28308.0,11,61,0.583333333,141540,11.821486
31581,12,4771.96,12,20,1.0,0,8.745139
128555,36,13999.0,2,41,0.805555556,97993,8.645194
180661,12,31815.0,2,61,0.333333333,254520,11.6480055
18491,6,4783.67,8,11,1.0,0,9.7516165
143917,12,32026.0,6,40,0.0,384312,16.06023
128838,24,14992.0,9,60,0.875,44976,8.789745
107076,12,23980.0,5,14,0.166666667,239800,16.22853
149688,24,18038.0,2,11,0.666666667,144304,8.879156
453747,24,27747.0,5,61,0.041666667,638181,3.2107134
83163,18,12807.0,12,16,0.277777778,166491,11.531158
185990,18,12869.0,6,14,0.0,231642,2.5378933
64471,24,7502.0,7,10,0.958333333,7502,8.663897
78660,9,14252.41,2,22,1.0,0,8.514612
55653,12,8409.23,12,50,1.0,0,9.13613
102827,18,11803.0,5,20,1.0,0,6.8448744
96540,18,15106.0,8,12,0.611111111,105742,11.157602
211432,12,48321.0,6,40,0.0,579852,16.287783
211085,12,39351.0,4,60,0.166666667,393510,12.25927
346927,24,34759.0,2,51,0.208333333,660421,7.8036947
457946,12,80647.0,12,13,0.5,483882,11.529324
81807,12,14714.0,12,40,0.5,88284,11.754627
219760,12,50225.0,6,60,0.083333333,552475,16.154427
259660,12,25191.0,2,22,0.25,226719,0.6702749
217387,9,43832.0,2,22,0.444444444,219160,11.548235
238618,24,29378.0,3,30,0.625,264402,9.463643
48526,24,5646.74,1,14,1.0,0,8.622063
322550,24,46977.0,9,11,0.375,704655,11.4535055
150564,18,23808.0,11,13,0.333333333,285696,11.787138
459837,18,64949.0,8,40,0.555555556,519592,10.665624
252304,24,35371.0,8,30,0.416666667,495194,11.2663765
62089,18,9973.0,10,20,0.444444444,99730,11.839572
372635,18,57387.0,11,40,0.388888889,631257,11.483646
345720,12,60883.0,2,30,0.333333333,487064,11.433242
113445,12,18143.0,10,10,0.666666667,72572,9.568073
115299,12,17421.94,1,11,1.0,0,8.821411
113704,24,13231.0,11,30,0.791666667,66155,8.776898
165512,24,19260.0,1,10,0.708333333,134820,8.781511
218262,18,34739.0,4,10,0.111111111,555824,12.297794
164420,18,20824.21,10,13,1.0,0,8.821313
223881,24,33838.0,4,11,0.125,710598,11.986814
89932,18,13850.0,2,20,0.222222222,193900,11.424832
63287,12,11593.0,4,20,0.166666667,115930,12.597848
219496,24,25542.0,12,40,0.75,153252,8.803579
114379,18,18086.0,12,20,0.333333333,217032,11.639902
55934,18,8614.0,3,20,0.166666667,129210,11.1865225
273900,24,39892.0,12,50,0.25,718056,11.428096
22572,6,6662.0,6,20,0.0,39972,16.699905
71608,12,12611.0,3,40,0.25,113499,11.9991045
211033,18,32500.0,10,16,0.444444444,325000,11.585759
99175,6,28782.0,7,13,0.0,172692,15.165119
301783,24,35117.0,10,20,0.833333333,140468,8.578555
275528,24,32062.0,12,61,0.75,192372,8.803413
104797,24,12194.79,1,21,1.0,0,8.999365
38531,18,4880.0,2,40,0.944444444,4880,9.036921
159547,18,26375.0,4,60,0.111111111,422000,12.160777
91765,18,14132.0,10,15,0.444444444,141320,11.514145
174670,12,31582.0,4,30,0.166666667,315820,12.072257
175302,6,44990.0,2,61,0.666666667,89980,11.5573635
82172,6,22035.0,4,51,0.333333333,88140,11.931096
91798,24,11302.0,4,20,0.583333333,113020,9.307487
165431,9,29974.41,3,14,1.0,0,9.264596
66470,18,10237.0,8,50,0.555555556,81896,11.277955
66574,9,13775.0,3,11,0.222222222,96425,12.016673
222627,18,32585.0,6,11,0.666666667,195510,10.11668
98173,24,14298.0,1,12,0.166666667,285960,11.455403
130992,12,24734.0,4,50,0.166666667,247340,12.852988
113985,12,21249.0,4,13,0.166666667,212490,12.593452
38749,12,5937.21,12,13,1.0,0,9.058488
92032,24,13404.0,8,20,0.375,201060,11.441304
103475,18,21872.0,5,16,0.055555556,371824,16.04805
120110,12,18670.0,7,61,0.833333333,37340,10.044247
113251,18,14344.0,2,13,0.888888889,28688,8.728533
229175,24,32128.0,7,10,0.458333333,417664,10.688114
30334,9,6116.0,9,60,0.888888889,6116,11.600726
236327,24,34419.0,12,13,0.25,619542,11.561739
69636,18,9704.0,6,10,0.666666667,58224,11.022386
477567,24,72181.0,3,22,0.125,1515801,11.644956
70424,12,10947.0,8,40,0.833333333,21894,9.645564
216227,12,38079.0,12,61,0.5,228474,11.51323
24063,12,3635.98,12,41,1.0,0,10.451524
396929,24,46189.0,2,40,0.666666667,369512,8.771228
165402,12,36807.0,5,21,0.166666667,368070,15.983169
426489,24,59790.0,7,30,0.458333333,777270,10.52436
133310,12,24217.0,3,16,0.25,217953,11.974742
56259,12,8500.79,1,61,1.0,0,8.85777
177410,24,24871.0,7,20,0.458333333,323323,10.97834
134856,24,17171.0,4,61,0.583333333,171710,9.882426
104407,24,15481.0,7,61,0.458333333,201253,11.337376
162685,24,18998.0,6,60,0.541666667,208978,9.74419
340888,12,61636.0,4,61,0.166666667,616360,11.968188
115123,12,18933.0,2,21,0.333333333,151464,10.3866625
24948,12,2789.53,11,22,1.0,0,8.288591
168705,9,31419.0,3,60,0.333333333,188514,11.834968
235157,36,17356.0,6,15,0.361111111,399188,5.1794815
118732,12,25929.0,5,10,0.166666667,259290,15.446584
365940,12,40775.47,11,21,1.0,0,7.6618176
50213,36,5695.0,3,11,0.416666667,119595,10.756346
332187,18,51158.0,3,51,0.166666667,767370,11.861148
240239,24,34989.0,10,12,0.333333333,559824,11.610712
62756,15,13638.0,5,12,0.066666667,190932,17.247808
133813,24,15571.0,2,10,0.666666667,124568,8.834168
164533,12,28975.0,12,61,0.5,173850,10.984805
184543,24,21474.38,3,61,1.0,0,8.756187
119907,36,7098.0,12,61,0.833333333,42588,4.2156725
66422,36,8026.0,4,60,0.361111111,184598,9.841819
278714,12,62023.0,5,50,0.083333333,682253,15.91398
308219,12,54279.0,2,13,0.333333333,434232,11.609829
54058,24,6290.0,11,11,0.75,37740,8.927551
273587,18,45228.0,4,40,0.111111111,723648,11.929848
135109,24,15722.0,10,50,0.833333333,62888,8.800142
115814,12,17499.68,1,40,1.0,0,8.754142
365679,18,28024.0,6,50,0.0,504432,3.255202
159492,36,15138.0,11,22,0.527777778,257346,7.7367845
182651,9,22829.0,6,41,0.0,205461,7.3159323
195768,30,10020.0,3,12,0.066666667,280560,1.7098275
54140,24,3863.0,10,16,0.791666667,19315,3.8112407
58620,30,4847.95,10,11,1.0,0,6.503597
202678,24,23585.0,2,61,0.666666667,188680,8.730868
236900,18,30919.0,3,30,0.777777778,123676,6.812505
218818,36,12954.0,11,15,0.555555556,207264,3.7973254
48546,9,10285.0,1,10,0.666666667,30855,11.947327
219155,24,31918.0,10,13,0.333333333,510688,11.50198
465242,24,48908.0,4,40,0.083333333,1075976,9.447097
37765,12,5870.0,7,16,0.916666667,5870,9.58603
145362,24,10371.0,8,13,0.958333333,10371,4.5626154
53533,6,12724.27,7,11,1.0,0,10.335155
86689,12,11894.0,12,11,0.5,71364,10.263932
146284,36,8660.0,5,22,0.666666667,103920,3.5377464
334194,24,48673.0,9,51,0.375,730095,11.399743
104897,12,16221.52,3,16,1.0,0,9.125928
212442,24,30941.0,1,22,0.208333333,587879,11.501331
272365,18,37955.0,5,40,0.722222222,189775,9.172621
51748,12,11827.0,5,12,0.083333333,130097,16.33499
400596,24,38581.0,9,41,0.375,578715,7.4803653
181178,18,30427.0,4,10,0.111111111,486832,12.344167
416857,18,64197.0,3,50,0.166666667,962955,11.583362
216461,36,18562.0,8,60,0.944444444,37124,6.160816
184688,12,32525.0,9,40,0.75,97575,11.124282
281657,18,43376.0,12,20,0.333333333,520512,11.502027
289878,24,33732.0,1,12,0.666666667,269856,8.798253
223718,24,26033.04,10,50,1.0,0,8.930013
116777,18,15241.0,3,12,0.833333333,45723,9.05342
112627,24,13106.0,11,41,0.833333333,52424,8.768916
148017,18,23697.0,1,11,0.333333333,284364,12.188237
68527,9,16173.0,5,10,0.111111111,129384,15.920906
61029,12,11087.0,1,14,0.416666667,77609,12.037221
83626,12,18609.0,5,16,0.083333333,204699,16.521208
55177,9,11126.0,1,11,0.555555556,44504,11.216223
474435,24,49168.0,10,20,0.833333333,196672,7.240393
55417,36,6035.0,1,14,0.472222222,114665,9.270073
188902,42,10599.0,4,10,0.619047619,169584,4.151348
220424,24,25650.0,10,50,0.833333333,102600,8.675335
61527,12,9564.0,8,20,0.833333333,19128,10.010323
89504,12,16099.0,11,14,0.583333333,80495,11.918301
414859,24,62703.0,4,20,0.083333333,1379466,11.882794
123816,12,27039.0,5,14,0.166666667,270390,15.79308
314881,12,47578.85,12,22,1.0,0,8.543003
56764,18,8742.0,12,10,0.333333333,104904,11.743477
407698,12,71798.0,3,40,0.25,646182,11.463505
59784,9,15016.0,6,14,0.0,135144,16.216045
470853,60,14957.0,2,22,0.05,852549,2.4275317
